NO;ITEM;RESTO;VENDOR UTAMA;LEAD TIME;LOKASI;VENDOR ALTERNATIF 1;LEAD TIME2;LOKASI3;VENDOR ALTERNATIF 2;LEAD TIME4;LOKASI5
1;AIR GALON RO;PALOPO;RISKAL GALON;1;PALOPO;HJ FAISAL;1;PALOPO;AIR GALON BENTENG;1;PALOPO
;;BONE;ABU HAIKAL;1;BONE;DEPOT LINTAS AIR RO;1;BONE;DEPOT ISTIQAMAH BONE;1;BONE
;;PARE;DEPOT ARIFAH;1;PARE;DEPOT AL ANSAR;1;PARE;DEPOT MARISSA;1;PARE
;;PINRANG;R'ADDIN LAUNDRY & GALON;1;PINRANG;AIR MINUM AQSHA;1;PINRANG;AYU WATER;1;PINRANG
;;MAKASSAR;DEPOT AERTA;1;MAKASSAR;DEPOT RO RAHMI WATER;1;MAKASSAR ;DEPOT ANNUR;1;MAKASSAR
;;;;;;;;;;;
2;AIR GALON VIT;TUUKTEA;VIARDI BINTANG TERANG;1;PALOPO;TOKO SEJAHTERA;1;PALOPO;;;
3;AIR MINERAL;PALOPO;RIBBAS JAYA;1;PALOPO;DAPUR MARKET;1;PALOPO;DP INDO MARKET;1;PALOPO
;;BONE;SINAR GOWA SUKSES;2;BONE;SWALAYAN ORIENTAL;1;BONE;DAPUR INDO;1;BONE
;;PARE;JAYA PERKASA;1;PARE;TOKO SYAHRANI;1;PARE;TOKO SINAR TENGGARA;1;PARE
;;PINRANG;JAYA PERKASA;1;PARE;TOKO AKBAR;1;PINRANG;TOKO TOMPO MULIA;1;PINRANG
;;MAKASSAR;CRYSTALINE;1;MAKASSAR;SATU SAMA;1;MAKASSAR;BENTENG MART;1;MAKASSAR
;;;;;;;;;;;
4;ALUMINIUM FOIL;TUUKTEA;DAPUR MARKET;1;PALOPO;DP INDO MARKET;1;PALOPO;DAPUR MARKET;1;PALOPO
5;APRON MAKAN;PALOPO;KANTONG KERTAS;3;YOGYAKARTA;;;;;;
;;BONE;KANTONG KERTAS;3;YOGYAKARTA;;;;;;
;;PARE;KANTONG KERTAS;3;YOGYAKARTA;;;;;;
;;PINRANG;KANTONG KERTAS;3;YOGYAKARTA;;;;;;
;;MAKASSAR;KANTONG KERTAS;3;YOGYAKARTA;;;;;;
;;;;;;;;;;;
6;AYAM TABUR;PALOPO;TUUK HOUSE MEATS;1;PALOPO;;;;;;
7;BAKING POWDER;PALOPO;DAPUR MARKET;1;PALOPO;DP INDO MARKET;1;PALOPO;TOKO CEMERLANG;1;PALOPO
8;BALOK KARI HOUSE CURRY PASTE;PALOPO;WJM FROZEN FOOD MAKASSAR;2;MAKASSAR;PT MASUYA;2;MAKASSAR;SWALAYAN ORIENTAL;2;BONE
;;BONE;WJM FROZEN FOOD MAKASSAR;3;MAKASSAR;PT MASUYA;3;MAKASSAR;SWALAYAN ORIENTAL;1;BONE
;;PARE;WJM FROZEN FOOD MAKASSAR;2;MAKASSAR;PT MASUYA;2;MAKASSAR;SWALAYAN ORIENTAL;2;BONE
;;PINRANG;WJM FROZEN FOOD MAKASSAR;3;MAKASSAR;PT MASUYA;3;MAKASSAR;SWALAYAN ORIENTAL;2;BONE
;;MAKASSAR;WJM FROZEN FOOD MAKASSAR;1;MAKASSAR;PT MASUYA;1;MAKASSAR;TOKO MAI;1;MAKASSAR
;;;;;;;;;;;
10;BAWANG BOMBAY;PALOPO;TUUK HOUSE MEATS;1;PALOPO;VENDOR SAYUR MA KEMBAR;1;PALOPO;VENDOR CABE PALOPO;1;PALOPO
;;BONE;VENDOR SAYUR;1;BONE;TOKO 89 ;1;BONE;VENDOR SAYUR 1 BONE;1;BONE
;;PARE;TOKO SAYUR Hj. IDA;1;PARE;VENDOR SAYUR 1 PARE;1;PARE;VENDOR SAYUR 2 PARE;1;PARE
;;PINRANG;LAMBADA PINRANG;1;PINRANG;VENDOR SAYUR 1 PINRANG;1;PINRANG;VENDOR SAYUR 2 PINRANG;1;PINRANG
;;MAKASSAR;PASAR TERONG;1;MAKASSAR;PASAR TODDOPULI;1;MAKASSAR;PASAR ANTANG;1;MAKASSAR
;;;;;;;;;;;
11;BAWANG GORENG;PALOPO;VENDOR BAGOR;2;BONE;;;;;;
;;BONE;VENDOR BAGOR;1;BONE;;;;;;
;;PARE;VENDOR BAGOR;2;BONE;;;;;;
;;PINRANG;VENDOR BAGOR;2;BONE;;;;;;
;;MAKASSAR;VENDOR BAGOR;1;MAKASSAR;;;;;;
;;;;;;;;;;;
12;BAWANG MERAH;PALOPO;VENDOR CABE PALOPO;1;PALOPO;VENDOR SAYUR MA KEMBAR;1;PALOPO;VENDOR CABE PALOPO;1;PALOPO
13;BAWANG PUTIH;PALOPO;TUUK HOUSE MEATS;1;PALOPO;VENDOR SAYUR MA KEMBAR;1;PALOPO;VENDOR CABE PALOPO;1;PALOPO
;;BONE;VENDOR SAYUR;1;BONE;TOKO 89 ;1;BONE;VENDOR SAYUR 1 BONE;1;BONE
;;PARE;TOKO SAYUR Hj. IDA;1;PARE;VENDOR SAYUR 1 PARE;1;PARE;VENDOR SAYUR 2 PARE;1;PARE
;;PINRANG;LAMBADA PINRANG;1;PINRANG;VENDOR SAYUR 1 PINRANG;1;PINRANG;VENDOR SAYUR 2 PINRANG;1;PINRANG
;;MAKASSAR;PASAR TERONG;1;MAKASSAR;PASAR TODDOPULI;1;MAKASSAR;PASAR ANTANG;1;MAKASSAR
;;;;;;;;;;;
14;BEANS COFFE;TUUKTEA;PENTA COFFE;1;PALOPO;;;;;;
15;BERAS;PALOPO;TOKO FAUZAN;1;PALOPO;TOKO AWAL;1;PALOPO;;;
;;BONE;TOKO 89;1;BONE;TOKO H SUDDING;1;BONE;;;
;;PARE;TOKO SAYUR HJ IDA;1;PARE;TOKO HERMIN BERAS;1;PARE;AMMA BERAS;1;PARE
;;PINRANG;TOKO CAHAYA BERAS PINRANG;1;PINRANG;SENTRAL BERAS 2;1;PINRANG;;;
;;MAKASSAR;PASAR TERONG;1;MAKASSAR;PASAR TODDOPULI;1;MAKASSAR;PASAR ANTANG;1;MAKASSAR
;;;;;;;;;;;
16;BIJI SELASIH;PALOPO;DAPUR MARKET;1;PALOPO;DP INDO MARKET;1;PALOPO;SWALAYAN ORIENTAL;1;BONE
;;BONE;SWALAYAN ORIENTAL;1;BONE;DAPUR MARKET;1;PALOPO;DP INDO MARKET;1;PALOPO
;;PARE;TOKO SYAHRANI;1;PARE;DAPUR MARKET;1;PALOPO;DP INDO MARKET;1;PALOPO
;;PINRANG;TOKO H. HAMSI;1;PINRANG;DAPUR MARKET;1;PALOPO;DP INDO MARKET;1;PALOPO
;;MAKASSAR;TOKO CAHAYA BARU;1;MAKASSAR;TOKO SATU SAMA;1;MAKASSAR;BENTENG MART;1;MAKASSAR
;;;;;;;;;;;
17;BOBA IPIN;TUUK TEA;DAPUR MARKET;1;PALOPO;DP INDO MARKET;1;PALOPO;SURYA NASIONAL;2;BONE
18;BOX DIMSUM;PALOPO;GUNA MULTI PACKINDO;15;MAKASSAR;DAPUR MARKET;1;PALOPO;DP INDO MARKET;1;PALOPO
;;BONE;GUNA MULTI PACKINDO;15;MAKASSAR;GUDANG PACK;1;BONE;SWALAYAN ORIENTAL;1;BONE
;;PARE;GUNA MULTI PACKINDO;15;MAKASSAR;TOKO PLASTIK DAN KEMASAN;1;PARE;;;
;;PINRANG;GUNA MULTI PACKINDO;15;MAKASSAR;HIBA PLASTIK;1;PINRANG;;;
;;MAKASSAR;GUNA MULTI PACKINDO;10;MAKASSAR;MAKASSAR PLASTIK;1;MAKASSAR;SUMBER PLASTIK;1;MAKASSAR
;;;;;;;;;;;
20;BOX MIE CUSTOM;PALOPO;GUNA MULTI PACKINDO;15;MAKASSAR;ABADI JAYA;1;PALOPO;SUMBER PLASTIK;1;MAKASSAR
;;BONE;GUNA MULTI PACKINDO;15;MAKASSAR;GUDANG PACK;1;BONE;SUMBER PLASTIK;1;MAKASSAR
;;PARE;GUNA MULTI PACKINDO;15;MAKASSAR;TOKO PLASTIK DAN KEMASAN;1;PARE;SUMBER PLASTIK;1;MAKASSAR
;;PINRANG;GUNA MULTI PACKINDO;15;MAKASSAR;HIBA PLASTIK;1;PINRANG;SUMBER PLASTIK;1;MAKASSAR
;;MAKASSAR;GUNA MULTI PACKINDO;10;MAKASSAR;MAKASSAR PLASTIK;1;MAKASSAR;SUMBER PLASTIK;1;MAKASSAR
;;;;;;;;;;;
21;BOX MIE KARUMI;PALOPO;HIBA PLASTIK;2;PINRANG;SWALAYAN ORIENTAL;2;BONE;;;
;;BONE;HIBA PLASTIK;2;PINRANG;SWALAYAN ORIENTAL;2;BONE;;;
;;PARE;HIBA PLASTIK;2;PINRANG;SWALAYAN ORIENTAL;2;BONE;;;
;;PINRANG;HIBA PLASTIK;1;PINRANG;SWALAYAN ORIENTAL;2;BONE;;;
;;MAKASSAR;SUMBER PLASTIK;1;MAKASSAR;MAKASSAR PLASTIK;1;MAKASSAR;RAJA PLASTIK;1;MAKASSAR
;;;;;;;;;;;
23;BUAH LECI;PALOPO;SURYA NASIONAL;2;BONE;DAPUR MARKET;1;PALOPO;DP INDO MARKET;1;PALOPO
;;BONE;SURYA NASIONAL;2;BONE;SWALAYAN ORIENTAL;1;BONE;DAPUR MARKET;1;PALOPO
;;PARE;SURYA NASIONAL;2;PARE;DAPUR MARKET;2;PALOPO;DP INDO MARKET;2;PALOPO
;;PINRANG;SURYA NASIONAL;2;PINRANG;DAPUR MARKET;2;PALOPO;DP INDO MARKET;2;PALOPO
;;MAKASSAR;SURYA NASIONAL;1;MAKASSAR;SATU SAMA;1;MAKASSAR;BENTENG MART;1;MAKASSAR
;;;;;;;;;;;
24;BUAH LEMON;PALOPO;TOKO LUCKY BUAH;1;PALOPO;SWALAYAN ORIENTAL;1;BONE;;;
;;BONE;TOKO LUCKY BUAH;2;PALOPO;SWALAYAN ORIENTAL;1;BONE;DAPUR INDO FROZEN;1;BONE
;;PARE;TOKO BUAH FRUIT FOOD;1;PARE;TOKO LUCKY BUAH;1;PALOPO;SWALAYAN ORIENTAL;1;BONE
;;PINRANG;TOKO BUAH FRUIT FOOD;1;PINRANG;TOKO LUCKY BUAH;1;PALOPO;SWALAYAN ORIENTAL;1;BONE
;;MAKASSAR ;MAKASSAR BUAH;1;MAKASSAR ;MAKASSAR FRUIT;1;MAKASSAR ;PESTA BUAH;1;MAKASSAR 
;;;;;;;;;;;
25;BUBUK GREENTEA;PALOPO;TOKO BATU TAMBUNG;3;MAKASSAR;PT. SINAR ANUGERAH REJEKI BERSAMA;4;BONE;DAPUR MARKET;1;PALOPO
;;BONE;TOKO BATU TAMBUNG;3;MAKASSAR;PT. SINAR ANUGERAH REJEKI BERSAMA;4;BONE;SWALAYAN ORIENTAL;1;BONE
;;PARE;TOKO BATU TAMBUNG;3;MAKASSAR;PT. SINAR ANUGERAH REJEKI BERSAMA;4;BONE;TOKO SYAHRANI;1;PARE
;;PINRANG;TOKO BATU TAMBUNG;3;MAKASSAR;PT. SINAR ANUGERAH REJEKI BERSAMA;4;BONE;TOKO H. HAMSI;1;PINRANG
;;MAKASSAR;TOKO BATU TAMBUNG;1;MAKASSAR;PT. SINAR ANUGERAH REJEKI BERSAMA;1;MAKASSAR;BENTENG MART;1;MAKASSAR
;;;;;;;;;;;
26;BUBUK MILO;PALOPO;CV JAYA MANDIRI;3;MAKASSAR;;;;;;
;;BONE;CV JAYA MANDIRI;3;MAKASSAR;;;;;;
;;PARE;CV JAYA MANDIRI;3;MAKASSAR;;;;;;
;;PINRANG;CV JAYA MANDIRI;3;MAKASSAR;;;;;;
;;MAKASSAR;CV JAYA MANDIRI;2;MAKASSAR;;;;;;
;;;;;;;;;;;
27;BUBUK OVAL;PALOPO;TOKO BATU TAMBUNG;3;MAKASSAR;TOKO NGEMIL;1;PALOPO;TOKO ANDI MASNI;1;PALOPO
;;BONE;TOKO BATU TAMBUNG;3;MAKASSAR;TOKO NGEMIL;1;PALOPO;TOKO ANDI MASNI;1;PALOPO
;;PARE;TOKO BATU TAMBUNG;3;MAKASSAR;TOKO SYAHRANI;1;PARE;TOKO NGEMIL;1;PALOPO
;;PINRANG;TOKO BATU TAMBUNG;3;MAKASSAR;TOKO MITRA MANIS PINRANG;1;PINRANG;TOKO NGEMIL;1;PALOPO
;;MAKASSAR;TOKO BATU TAMBUNG;1;MAKASSAR;;;;;;
;;;;;;;;;;;
28;BUBUK TEH JASMINE;PALOPO;SINAR GOWA SUKSES;2;PALOPO;DAPUR MARKET;1;PALOPO;DP INDO MARKET;1;PALOPO
;;BONE;SINAR GOWA SUKSES;2;BONE;SWALAYAN ORIENTAL;1;BONE;BENTENG MART;3;MAKASSAR
;;PARE;SINAR GOWA SUKSES;2;PARE;TOKO SYAHRANI;1;PARE;BENTENG MART;3;MAKASSAR
;;PINRANG;SINAR GOWA SUKSES;2;PINRANG;TOKO H HAMSI;1;PINRANG;TOKO MITRA MANIS PINRANG;1;PINRANG
;;MAKASSAR;SINAR GOWA SUKSES;2;MAKASSAR;TOKO SATU SAMA;1;MAKASSAR;BENTENG MART;1;MAKASSAR
;;;;;;;;;;;
29;BUBUK TEH TONG TJI;PALOPO;CELEBES SEJAHTERA TONGJI;2;PALOPO;DAPUR MARKET;1;PALOPO;TOKO SEJAHTERA OPSAL;1;PALOPO
;;BONE;CELEBES SEJAHTERA TONGJI;2;BONE;SWALAYAN ORIENTAL;1;BONE;BENTENG MART;3;MAKASSAR
;;PARE;CELEBES SEJAHTERA TONGJI;2;PARE;TOKO SYAHRANI;1;PARE;BENTENG MART;3;MAKASSAR
;;PINRANG;CELEBES SEJAHTERA TONGJI;2;PINRANG;TOKO H HAMSI;1;PINRANG;TOKO MITRA MANIS PINRANG;1;PINRANG
;;MAKASSAR;CELEBES SEJAHTERA TONGJI;1;MAKASSAR;TOKO SATU SAMA;1;MAKASSAR;BENTENG MART;1;MAKASSAR
;;;;;;;;;;;
30;BUBUK THAITEA;PALOPO;TOKO BATU TAMBUNG;3;MAKASSAR;PT. SINAR ANUGERAH REJEKI BERSAMA;4;BONE;DAPUR MARKET;1;PALOPO
;;BONE;TOKO BATU TAMBUNG;3;MAKASSAR;PT. SINAR ANUGERAH REJEKI BERSAMA;4;BONE;SWALAYAN ORIENTAL;1;BONE
;;PARE;TOKO BATU TAMBUNG;3;MAKASSAR;PT. SINAR ANUGERAH REJEKI BERSAMA;4;BONE;TOKO SYAHRANI;1;PARE
;;PINRANG;TOKO BATU TAMBUNG;3;MAKASSAR;PT. SINAR ANUGERAH REJEKI BERSAMA;4;BONE;TOKO H HAMSI;1;PINRANG
;;MAKASSAR;TOKO BATU TAMBUNG;3;MAKASSAR;PT. SINAR ANUGERAH REJEKI BERSAMA;4;BONE;SATUSAMA;1;MAKASSAR
32;BUMBU BASAH AYAM GUNTING;PALOPO;PRODUKSI TMB;1;PALOPO;;;;;;
;;BONE;PRODUKSI TMB;1;PALOPO;;;;;;
;;PARE;PRODUKSI TMB;1;PALOPO;;;;;;
;;PINRANG;PRODUKSI TMB;1;PALOPO;;;;;;
;;MAKASSAR;PRODUKSI TMB;1;PALOPO;;;;;;
33;BUMBU BASAH AYAM TABUR;BONE;TUUK HOUSE MEATS;6;PALOPO;;;;;;
;;PARE;TUUK HOUSE MEATS;6;PALOPO;;;;;;
;;PINRANG;TUUK HOUSE MEATS;6;PALOPO;;;;;;
;;MAKASSAR;TUUK HOUSE MEATS;6;PALOPO;;;;;;
34;BUMBU BASAH BUBUR;PALOPO;PRODUKSI TMB;1;PALOPO;;;;;;
;;BONE;PRODUKSI TMB;6;PALOPO;;;;;;
;;PARE;PRODUKSI TMB;6;PALOPO;;;;;;
;;PINRANG;PRODUKSI TMB;6;PALOPO;;;;;;
;;MAKASSAR;PRODUKSI TMB;6;PALOPO;;;;;;
35;BUMBU BASAH ISIAN PANGSIT;BONE;TUUK HOUSE MEATS;6;PALOPO;;;;;;
;;PARE;TUUK HOUSE MEATS;6;PALOPO;;;;;;
;;PINRANG;TUUK HOUSE MEATS;6;PALOPO;;;;;;
;;MAKASSAR;TUUK HOUSE MEATS;6;PALOPO;;;;;;
36;BUMBU BASAH NAILAOBA/XIAOBA;BONE;TUUK HOUSE MEATS;6;PALOPO;;;;;;
;;PARE;TUUK HOUSE MEATS;6;PALOPO;;;;;;
;;PINRANG;TUUK HOUSE MEATS;6;PALOPO;;;;;;
;;MAKASSAR;TUUK HOUSE MEATS;6;PALOPO;;;;;;
37;BUMBU BASAH SHUMAI/KUOTIE;BONE;TUUK HOUSE MEATS;6;PALOPO;;;;;;
;;PARE;TUUK HOUSE MEATS;6;PALOPO;;;;;;
;;PINRANG;TUUK HOUSE MEATS;6;PALOPO;;;;;;
;;MAKASSAR;TUUK HOUSE MEATS;6;PALOPO;;;;;;
38;BUMBU KERING AYAM TABUR;BONE;TUUK HOUSE MEATS;6;PALOPO;;;;;;
;;PARE;TUUK HOUSE MEATS;6;PALOPO;;;;;;
;;PINRANG;TUUK HOUSE MEATS;6;PALOPO;;;;;;
;;MAKASSAR;TUUK HOUSE MEATS;6;PALOPO;;;;;;
39;BUMBU KERING BEEF SAIKORO;PALOPO;PRODUKSI TMB;1;PALOPO;;;;;;
;;BONE;PRODUKSI TMB;1;PALOPO;;;;;;
;;PARE;PRODUKSI TMB;1;PALOPO;;;;;;
;;PINRANG;PRODUKSI TMB;1;PALOPO;;;;;;
;;MAKASSAR;PRODUKSI TMB;6;PALOPO;;;;;;
40;BUMBU KERING BUBUR;PALOPO;PRODUKSI TMB;1;PALOPO;;;;;;
;;BONE;PRODUKSI TMB;6;PALOPO;;;;;;
;;PARE;PRODUKSI TMB;6;PALOPO;;;;;;
;;PINRANG;PRODUKSI TMB;6;PALOPO;;;;;;
;;MAKASSAR;PRODUKSI TMB;6;PALOPO;;;;;;
41;BUMBU KERING IKAN DORI;PALOPO;PRODUKSI TMB;1;PALOPO;;;;;;
;;BONE;PRODUKSI TMB;6;PALOPO;;;;;;
;;PARE;PRODUKSI TMB;6;PALOPO;;;;;;
;;PINRANG;PRODUKSI TMB;6;PALOPO;;;;;;
;;MAKASSAR;PRODUKSI TMB;6;PALOPO;;;;;;
42;BUMBU KERING ISIAN PANGSIT;BONE;TUUK HOUSE MEATS;6;PALOPO;;;;;;
;;PARE;TUUK HOUSE MEATS;6;PALOPO;;;;;;
;;PINRANG;TUUK HOUSE MEATS;6;PALOPO;;;;;;
;;MAKASSAR;TUUK HOUSE MEATS;6;PALOPO;;;;;;
43;BUMBU KERING NAILAOBA/XIAOBA;BONE;TUUK HOUSE MEATS;6;PALOPO;;;;;;
;;PARE;TUUK HOUSE MEATS;6;PALOPO;;;;;;
;;PINRANG;TUUK HOUSE MEATS;6;PALOPO;;;;;;
;;MAKASSAR;TUUK HOUSE MEATS;6;PALOPO;;;;;;
44;BUMBU KERING SAIKORO;PALOPO;PRODUKSI TMB;1;PALOPO;;;;;;
;;BONE;PRODUKSI TMB;1;PALOPO;;;;;;
;;PARE;PRODUKSI TMB;1;PALOPO;;;;;;
;;PINRANG;PRODUKSI TMB;1;PALOPO;;;;;;
;;MAKASSAR;PRODUKSI TMB;6;PALOPO;;;;;;
45;BUMBU KERING SHUMAI/KUOTIE;BONE;TUUK HOUSE MEATS;6;PALOPO;;;;;;
;;PARE;TUUK HOUSE MEATS;6;PALOPO;;;;;;
;;PINRANG;TUUK HOUSE MEATS;6;PALOPO;;;;;;
;;MAKASSAR;PRODUKSI TMB;6;PALOPO;;;;;;
46;BUMBU KERING TUMIS JAMUR;PALOPO;PRODUKSI TMB;1;PALOPO;;;;;;
;;BONE;PRODUKSI TMB;6;PALOPO;;;;;;
;;PARE;PRODUKSI TMB;6;PALOPO;;;;;;
;;PINRANG;PRODUKSI TMB;6;PALOPO;;;;;;
;;MAKASSAR;PRODUKSI TMB;6;PALOPO;;;;;;
47;BUMBU MARINASI;PALOPO;;;;;;;;;
;;BONE;TUUK HOUSE MEATS;1;PALOPO;;;;;;
;;PARE;TUUK HOUSE MEATS;6;PALOPO;;;;;;
;;PINRANG;TUUK HOUSE MEATS;6;PALOPO;;;;;;
;;MAKASSAR;TUUK HOUSE MEATS;6;PALOPO;;;;;;
48;BUMBU MARINASI IKAN DORI;PALOPO;PRODUKSI TMB;1;PALOPO;;;;;;
;;BONE;PRODUKSI TMB;1;PALOPO;;;;;;
;;PARE;PRODUKSI TMB;1;PALOPO;;;;;;
;;PINRANG;PRODUKSI TMB;1;PALOPO;;;;;;
;;MAKASSAR;PRODUKSI TMB;1;PALOPO;;;;;;
49;BUTTERFLY PEA TEA;PALOPO;PASAR TEH;7;JAKARTA;;;;;;
;;BONE;PASAR TEH;7;JAKARTA;;;;;;
;;PARE;PASAR TEH;7;JAKARTA;;;;;;
;;PINRANG;PASAR TEH;7;JAKARTA;;;;;;
;;MAKASSAR;PASAR TEH;7;JAKARTA;;;;;;
50;CABE;PALOPO;VENDOR SAYUR MA KEMBAR;1;PALOPO;VENDOR CABE PALOPO;1;PALOPO;VENDOR SAYUR 1 PALOPO;1;PALOPO
;;BONE;VENDOR SAYUR;1;BONE;TOKO 89 ;1;BONE;VENDOR SAYUR 1 BONE;1;BONE
;;PARE;TOKO SAYUR Hj. IDA;1;PARE;VENDOR SAYUR 1 PARE;1;PARE;VENDOR SAYUR 2 PARE;1;PARE
;;PINRANG;LAMBADA PINRANG;1;PINRANG;VENDOR SAYUR 1 PINRANG;1;PINRANG;VENDOR SAYUR 2 PINRANG;1;PINRANG
;;MAKASSAR;TOKO AULIA;1;MAKASSAR;TOKO ALIP;1;MAKASSAR;TOKO BERKAH BERSAMA;1;MAKASSAR
;;;;;;;;;;;
51;CABE KERING;PALOPO;VENDOR SAYUR MA KEMBAR;1;PALOPO;VENDOR CABE PALOPO;1;PALOPO;VENDOR SAYUR 1 PALOPO;1;PALOPO
52;CHICKEN BROTH;PALOPO;TUUK HOUSE MEATS;1;PALOPO;;;;;;
;;BONE;TUUK HOUSE MEATS;6;PALOPO;;;;;;
;;PARE;TUUK HOUSE MEATS;6;PALOPO;;;;;;
;;PINRANG;TUUK HOUSE MEATS;6;PALOPO;;;;;;
;;;;;;;;;;;
53;CHICKEN POWDER;PALOPO;TOMPOTIKA;5;PALOPO;;;;;;
54;CHILI OIL;PALOPO;PRODUKSI TMB;1;PALOPO;;;;;;
;;BONE;PRODUKSI TMB;1;PALOPO;;;;;;
;;PARE;PRODUKSI TMB;1;PALOPO;;;;;;
;;PINRANG;PRODUKSI TMB;1;PALOPO;;;;;;
;;;;;;;;;;;
55;CLING;PALOPO;ALFAMIDI;1;PALOPO;DAPUR MARKET;1;PALOPO;DP INDO MARKET;1;PALOPO
;;BONE;ALFAMIDI;1;BONE;SWALAYAN ORIENTAL;1;BONE;BENTENG MART;3;MAKASSAR
;;PARE;ALFAMIDI;1;PARE;TOKO GROSIR 1 PARE;1;PARE;BENTENG MART;3;MAKASSAR
;;PINRANG;ALFAMIDI;1;PINRANG;TOKO GROSIR 1 PINRANG;1;PINRANG;BENTENG MART;3;MAKASSAR
;;MAKASSAR;ALFAMIDI;1;MAKASSAR;TOKO SATU SAMA;1;MAKASSAR;BENTENG MART;1;MAKASSAR
;;;;;;;;;;;
58;COCOA POWDER;PALOPO;;;;;;;;;
;;BONE;;;;;;;;;
;;PARE;;;;;;;;;
;;PINRANG;;;;;;;;;
;;;;;;;;;;;
;;;;;;;;;;;
59;COCOBITES;PALOPO;DAPUR MARKET;1;PALOPO;DP INDO MARKET;1;PALOPO;SWALAYAN ORIENTAL;2;BONE
;;BONE;SWALAYAN ORIENTAL;1;BONE;DAPUR MARKET;1;PALOPO;DP INDO MARKET;1;PALOPO
;;PARE;DAPUR MARKET;2;PALOPO;DP INDO MARKET;2;PALOPO;SWALAYAN ORIENTAL;2;BONE
;;PINRANG;DAPUR MARKET;2;PALOPO;DP INDO MARKET;2;PALOPO;SWALAYAN ORIENTAL;2;BONE
;;MAKASSAR;TOKO CAHAYA BARU;1;MAKASSAR;TOKO SATU SAMA;1;MAKASSAR;BENTENG MART;1;MAKASSAR
;;;;;;;;;;;
60;CRUMBLE CARAMEL;TUUK TEA;DAPUR MARKET;1;PALOPO;DP INDO MARKET;1;PALOPO;;;
;;;;;;;;;;;
61;CTC BLACKTEA;PALOPO;PASAR TEH;7;JAKARTA;;;;;;
;;BONE;PASAR TEH;7;JAKARTA;;;;;;
;;PARE;PASAR TEH;7;JAKARTA;;;;;;
;;PINRANG;PASAR TEH;7;JAKARTA;;;;;;
;;;;;;;;;;;
62;CUP 6,5 OZ;PALOPO;SWALAYAN ORIENTAL;2;BONE;HIBA PLATIK;2;PINRANG;MAKASSAR PLASTIK;3;MAKASSAR
;;BONE;SWALAYAN ORIENTAL;1;BONE;HIBA PLATIK;2;PINRANG;MAKASSAR PLASTIK;3;MAKASSAR
;;PARE;SWALAYAN ORIENTAL;2;BONE;HIBA PLATIK;2;PINRANG;MAKASSAR PLASTIK;3;MAKASSAR
;;PINRANG;SWALAYAN ORIENTAL;2;BONE;HIBA PLATIK;2;PINRANG;MAKASSAR PLASTIK;3;MAKASSAR
;;MAKASSAR;MAKASSAR PLASTIK;1;MAKASSAR;SUMBER PLASTIK;1;MAKASSAR;RAJA PLASTIK;1;MAKASSAR
;;;;;;;;;;;
63;CUP KARAKTER 14 Oz;TUUK TEA;MAWAR ADVERTISING;7;MAKASSAR;BASS PACKAGING;7;BONE;;;
64;CUP PUDING;PALOPO;DAPUR MARKET;1;PALOPO;DP INDO MARKET;1;PALOPO;SWALAYAN ORIENTAL;2;BONE
;;BONE;SWALAYAN ORIENTAL;1;BONE;DAPUR MARKET;1;PALOPO;DP INDO MARKET;1;PALOPO
;;PARE;DAPUR MARKET;1;PALOPO;DP INDO MARKET;1;PALOPO;SWALAYAN ORIENTAL;2;BONE
;;PINRANG;DAPUR MARKET;1;PALOPO;DP INDO MARKET;1;PALOPO;SWALAYAN ORIENTAL;2;BONE
;;MAKASSAR;MAKASSAR PLASTIK;1;MAKASSAR;SUMBER PLASTIK;1;MAKASSAR;RAJA PLASTIK;1;MAKASSAR
;;;;;;;;;;;
65;CUP SEMULA 18 Oz;PALOPO;OM CAPUNG;1;PALOPO;BASS PACKAGING;6;BONE;MAWAR ADVERTISING;7;MAKASSAR
;;BONE;BASS PACKAGING;5;BONE;MAWAR ADVERTISING;7;MAKASSAR;;;
;;PARE;MAWAR ADVERTISING;7;MAKASSAR;BASS PACKAGING;6;BONE;;;
;;PINRANG;MAWAR ADVERTISING;7;MAKASSAR;BASS PACKAGING;6;BONE;;;
;;MAKASSAR;MAWAR ADVERTISING;5;MAKASSAR;BASS PACKAGING;5;MAKASSAR;;;
;;;;;;;;;;;
66;CUP SEMULA 22 Oz;TUUK TEA;OM CAPUNG;1;PALOPO;MAWAR ADVERTISING;7;MAKASSAR;BASS PACKAGING;5;BONE
67;CUP WEDDING 12 OZ;TUUK TEA;OM CAPUNG;1;PALOPO;;;;;;
;;;;;;;;;;;
68;DAGING AYAM;PALOPO;TUUK HOUSE MEATS;1;PALOPO;Vendor Daging Ayam Palopo;1;PALOPO;Vendor Daging Ayam Palopo;1;PALOPO
;;BONE;JAPFA;3;Makassar;Ayam Jaku Bone;1;BONE;INDO GUNA MKS;7;MAKASSAR
;;PARE;JAPFA;3;Makassar;Vendor Daging Ayam Pare;1;PARE;Vendor Daging Ayam Pare;1;PARE
;;PINRANG;JAPFA;3;Makassar;Vendor Daging Ayam Pinrang;1;PINRANG;Vendor Daging Ayam Pinrang;1;PINRANG
;;MAKASSAR;JAPFA;2;Makassar;INDOGUNA;2;MAKASSAR;AYAM JI;2;MAKASSAR
;;;;;;;;;;;
69;DAGING BEEF SAIKORO;PALOPO;MEAT N FRESH;1;PALOPO;;;;;;
;;BONE;MEAT N FRESH;1;BONE;;;;;;
;;PARE;MEAT N FRESH;1;PARE;;;;;;
;;PINRANG;MEAT N FRESH;1;PINRANG;;;;;;
;;MAKASSAR;MEAT N FRESH;1;MAKASSAR;;;;;;
;;;;;;;;;;;
;;;;;;;;;;;
70;DAGING UDANG;BONE;CRABS'TA;7;BONE;Meat n Fresh;1;BONE;VENDOR UDANG BOLDO;1;PINRANG
;;PARE;Meat n Fresh;1;PARE;Meat n Fresh;1;PARE;VENDOR UDANG BOLDO;1;PINRANG
;;PINRANG;Meat n Fresh;1;PINRANG;Meat n Fresh;1;PINRANG;VENDOR UDANG BOLDO;1;PINRANG
;;MAKASSAR;BOGATAMA MARINUSA;1;MAKASSAR;Meat n Fresh;1;MAKASSAR;MEGA FROZEN FOOD;1;MAKASSAR
;;;;;;;;;;;
71;DAGING SAPI;PARE;Vendor Daging Sapi;1;PARE;Meat n Fresh;1;PARE;Vendor Daging Sapi 2;1;PARE
;;;;;;;;;;;
;;;;;;;;;;;
;;;;;;;;;;;
72;DARK COCOA DRINK NPRO;PALOPO;CV JAYA MANDIRI;3;MAKASSAR;;;;;;
;;BONE;CV JAYA MANDIRI;3;MAKASSAR;;;;;;
;;PARE;CV JAYA MANDIRI;3;MAKASSAR;;;;;;
;;PINRANG;CV JAYA MANDIRI;3;MAKASSAR;;;;;;
;;MAKASSAR;CV JAYA MANDIRI;2;MAKASSAR;;;;;;
;;;;;;;;;;;
73;DAUN BAWANG;PALOPO;Vendor Sayur Palopo;1;PALOPO;Vendor Sayur Palopo 1;1;PALOPO;Vendor Sayur Palopo 2;1;PALOPO
;;BONE;Vendor Sayur Bone;1;BONE;Vendor Sayur Bone 1;1;BONE;Vendor Sayur Bone 2;1;BONE
;;PARE;Vendor Sayur Pare;1;PARE;Vendor Sayur Pare 1;1;PARE;Vendor Sayur Pare 2;1;PARE
;;PINRANG;Vendor Sayur Pinrang;1;PINRANG;Vendor Sayur Pinrang 1;1;PINRANG;Vendor Sayur Pinrang 2;1;PINRANG
;;MAKASSAR;TOKO AULIA;1;MAKASSAR;TOKO ALIP;1;MAKASSAR;TOKO BERKAH BERSAMA;1;MAKASSAR
;;;;;;;;;;;
74;DOCELLO DESSERT BASE;PALOPO;CV JAYA MANDIRI;3;MAKASSAR;;;;;;
;;BONE;CV JAYA MANDIRI;3;MAKASSAR;;;;;;
;;PARE;CV JAYA MANDIRI;3;MAKASSAR;;;;;;
;;PINRANG;CV JAYA MANDIRI;3;MAKASSAR;;;;;;
;;MAKASSAR;CV JAYA MANDIRI;3;MAKASSAR;;;;;;
;;;;;;;;;;;
75;ES KRIM AICE COKLAT;PALOPO;AICE;1;PALOPO;;;;;;
;;BONE;AICE;1;BONE;;;;;;
;;PARE;AICE;1;PARE;;;;;;
;;PINRANG;AICE;1;PINRANG;;;;;;
;;MAKASSAR;AICE;1;MAKASSAR;;;;;;
;;;;;;;;;;;
76;ES KRIM AICE VANILLA;PALOPO;AICE;1;PALOPO;;;;;;
;;BONE;AICE;1;BONE;;;;;;
;;PARE;AICE;1;PARE;;;;;;
;;PINRANG;AICE;1;PINRANG;;;;;;
;;MAKASSAR;AICE;1;MAKASSAR;;;;;;
;;;;;;;;;;;
;;;;;;;;;;;
77;ES KRISTAL;BONE;VENDOR ES KRISTAL;1;BONE;ABADI ES KRISTAL;1;BONE;;;
;;PARE;GALAXY;1;PARE;ES KRISTAL ATIKA;1;PARE;;;
;;PINRANG;BUANA ICE CRYSTAL;1;PINRANG;M90 ICE CRYSTAL PINRANG;1;PINRANG;;;
;;MAKASSAR;PT YOGYA KRISTAL SEJATI;1;MAKASSAR;ATLAS;1;MAKASSAR;MURAH;1;MAKASSAR
;;;;;;;;;;;
78;FRUCTOSE;PALOPO;PELITA TERANG MAKMUR;2;PALOPO;DAPUR MARKET;1;PALOPO;TOKO CEMERLANG;1;PALOPO
;;BONE;PELITA TERANG MAKMUR;2;BONE;SWALAYAN ORIENTAL;1;BONE;BENTENG MART;3;MAKASSAR
;;PARE;PELITA TERANG MAKMUR;2;PARE;TOKO MANIS;1;PARE;BENTENG MART;3;MAKASSAR
;;PINRANG;PELITA TERANG MAKMUR;2;PINRANG;TOKO AKBAR;1;PINRANG;BENTENG MART;3;MAKASSAR
;;MAKASSAR;PELITA TERANG MAKMUR;2;MAKASSAR;TOKO SATU SAMA;1;MAKASSAR;BENTENG MART;1;MAKASSAR
;;;;;;;;;;;
79;GARAM HALUS;PALOPO;SINAR GOWA ;2;PALOPO;DAPUR MARKET;1;PALOPO;ALFAMIDI;1;PALOPO
;;BONE;SINAR GOWA ;2;BONE;SWALAYAN ORIENTAL;1;BONE;ALFAMIDI;1;BONE
;;PARE;SINAR GOWA ;2;PARE;TOKO MANIS;1;PARE;ALFAMIDI;1;PARE
;;PINRANG;SINAR GOWA ;2;PINRANG;TOKO AKBAR;1;PINRANG;ALFAMIDI;1;PINRANG
;;MAKASSAR;SINAR GOWA ;2;MAKASSAR;TOKO SATU SAMA;1;MAKASSAR;ALFAMIDI;1;MAKASSAR
;;;;;;;;;;;
80;GARLIC POWDER;PALOPO;PRODUKSI TMB;1;PALOPO;;;;;;
;;BONE;PRODUKSI TMB;6;PALOPO;;;;;;
;;PARE;PRODUKSI TMB;6;PALOPO;;;;;;
;;PINRANG;PRODUKSI TMB;6;PALOPO;;;;;;
;;MAKASSAR;PRODUKSI TMB;6;PALOPO;;;;;;
81;GOLDENFILL STRAWBERRY JAM;PALOPO;WIRA EKA;2;PALOPO;DAPUR MARKET;1;PALOPO;DP INDO ;1;PALOPO
;;BONE;WIRA EKA;6;PALOPO;SWALAYAN ORIENTAL;1;BONE;DAPUR MARKET;1;PALOPO
;;PARE;WIRA EKA;6;PALOPO;TOKO SYAHRANI;1;PARE;DAPUR MARKET;1;PALOPO
;;PINRANG;WIRA EKA;6;PALOPO;TOKO H HAMSI;1;PINRANG;DAPUR MARKET;1;PALOPO
;;MAKASSAR;WIRA EKA;6;PALOPO;TOP MODE;1;MAKASSAR;BENTENG MART ;3;MAKASSAR
82;GOODTIME COOKIES;PALOPO;TOKO RAHAYU;1;PALOPO;TOKO HIMALAYA;1;PALOPO;;;
;;;;;;;;;;;
83;GULA AREN;PALOPO;TUUK FLAVOUR ESSENTIALS;1;PALOPO;;;;;;
;;BONE;TUUK FLAVOUR ESSENTIALS;6;PALOPO;;;;;;
;;PARE;TUUK FLAVOUR ESSENTIALS;6;PALOPO;;;;;;
;;PINRANG;TUUK FLAVOUR ESSENTIALS;6;PALOPO;;;;;;
;;MAKASSAR;TUUK FLAVOUR ESSENTIALS;6;MAKASSAR;;;;;;
84;GULA PASIR;PALOPO;ALFAMIDI;1;PALOPO;DAPUR MARKET;1;PALOPO;DP INDO ;1;PALOPO
;;BONE;ALFAMIDI;1;BONE;SWALAYAN ORIENTAL;1;BONE;DAPUR MARKET;1;PALOPO
;;PARE;ALFAMIDI;1;PARE;TOKO SYAHRANI;1;PARE;DAPUR MARKET;1;PALOPO
;;PINRANG;ALFAMIDI;1;PINRANG;TOKO H HAMSI;1;PINRANG;DAPUR MARKET;1;PALOPO
;;MAKASSAR;ALFAMIDI;1;MAKASSAR;TOP MODE;1;MAKASSAR;BENTENG MART ;3;MAKASSAR
85;HAAN WHIPPY CREAM;PALOPO;ANEKA JAYA BOGA;2;PALOPO;DAPUR MARKET;1;PALOPO;DP INDO ;1;PALOPO
;;BONE;ANEKA JAYA BOGA;6;PALOPO;SWALAYAN ORIENTAL;1;BONE;DAPUR MARKET;1;PALOPO
;;PARE;ANEKA JAYA BOGA;6;PALOPO;TOKO SYAHRANI;1;PARE;DAPUR MARKET;1;PALOPO
;;PINRANG;ANEKA JAYA BOGA;6;PALOPO;TOKO H HAMSI;1;PINRANG;DAPUR MARKET;1;PALOPO
;;MAKASSAR;ANEKA JAYA BOGA;2;MAKASSAR;TOP MODE;1;MAKASSAR;BENTENG MART ;3;MAKASSAR
86;HANDWASH;PALOPO;TOKO SEJAHTERA PALOPO;1;PALOPO;SWALAYAN ORIENTAL;1;BONE;BENTENG MART ;3;MAKASSAR
;;BONE;SWALAYAN ORIENTAL;1;BONE;TOP MODE;1;MAKASSAR;BENTENG MART ;3;MAKASSAR
;;PARE;TOKO SEJAHTERA PARE;1;PALOPO;SWALAYAN ORIENTAL;1;BONE;BENTENG MART ;3;MAKASSAR
;;PINRANG;TOKO SEJAHTERA PINRANG;1;PALOPO;SWALAYAN ORIENTAL;1;BONE;BENTENG MART ;3;MAKASSAR
;;MAKASSAR;TOKO SATU SEMESTA;1;MAKASSAR;BENTENG MART;1;MAKASSAR;TOKO SEJAHTERA MAKASSAR;1;MAKASSAR
87;IKAN DORI FILLET;PALOPO;MEAT N FRESH;1;PALOPO;WJM;3;MAKASSAR;TOKO MAY;3;MAKASSAR
;;BONE;MEAT N FRESH;1;BONE;WJM;3;MAKASSAR;TOKO MAY;3;MAKASSAR
;;PARE;MEAT N FRESH;1;PARE;WJM;3;MAKASSAR;TOKO MAY;3;MAKASSAR
;;PINRANG;MEAT N FRESH;1;PINRANG;WJM;3;MAKASSAR;TOKO MAY;3;MAKASSAR
;;MAKASSAR;MEAT N FRESH;1;MAKASSAR;WJM;3;MAKASSAR;TOKO MAY;3;MAKASSAR
88;ISIAN PANGSIT PACK;PALOPO;TUUK HOUSE MEATS;1;PALOPO;;;;;;
;;;;;;;;;;;
89;JAHE;PALOPO;VENDOR SAYUR MA KEMBAR;1;PALOPO;VENDOR CABE PALOPO;1;PALOPO;VENDOR SAYUR 1 PALOPO;1;PALOPO
;;BONE;VENDOR SAYUR;1;BONE;TOKO 89 ;1;BONE;VENDOR SAYUR 1 BONE;1;BONE
;;PARE;TOKO SAYUR Hj. IDA;1;PARE;VENDOR SAYUR 1 PARE;1;PARE;VENDOR SAYUR 2 PARE;1;PARE
;;PINRANG;LAMBADA PINRANG;1;PINRANG;VENDOR SAYUR 1 PINRANG;1;PINRANG;VENDOR SAYUR 2 PINRANG;1;PINRANG
;;MAKASSAR;TOKO AULIA;1;MAKASSAR;TOKO ALIP;1;MAKASSAR;TOKO BERKAH BERSAMA;1;MAKASSAR
90;JAMUR SHITAKE;PALOPO;MEAT N FRESH;1;PALOPO;WJM;3;MAKASSAR;;;
;;BONE;MEAT N FRESH;1;BONE;WJM;3;MAKASSAR;;;
;;PARE;MEAT N FRESH;1;PARE;WJM;3;MAKASSAR;;;
;;PINRANG;MEAT N FRESH;1;PINRANG;WJM;3;MAKASSAR;;;
;;MAKASSAR;MEAT N FRESH;1;MAKASSAR;WJM;3;MAKASSAR;KUSUKA FROZEN MART;1;MAKASSAR
91;KALDU AYAM BLOK;PALOPO;INDOFOOD;3;PALOPO;DAPUR MARKET;1;PALOPO;DP INDO ;1;PALOPO
;;BONE;INDOFOOD;3;BONE;SWALAYAN ORIENTAL;1;BONE;JAPFA;1;BONE
;;PARE;INDOFOOD;3;PARE;CAHAYA UJUNG PARE;1;PARE;BENTENG MART;1;MAKASSAR
;;PINRANG;INDOFOOD;3;PINRANG;SEJAHTERA;1;PINRANG;BENTENG MART;1;MAKASSAR
;;MAKASSAR;INDOFOOD;1;MAKASSAR;SATUSAMA;1;MAKASSAR;BENTENG MART;1;MAKASSAR
92;KANTONG CUP 1;PALOPO;ABADI JAYA;1;PALOPO;MAKASSAR PLASTIK;3;MAKASSAR;SUMBER PLASTIK;1;MAKASSAR
;;BONE;GUDANG PACK;1;BONE;MAKASSAR PLASTIK;3;MAKASSAR;SUMBER PLASTIK;1;MAKASSAR
;;PARE;TOKO PLASTIK 27;1;PARE;MAKASSAR PLASTIK;3;MAKASSAR;SUMBER PLASTIK;1;MAKASSAR
;;PINRANG;HIBA PLASTIK;1;PINRANG;MAKASSAR PLASTIK;3;MAKASSAR;SUMBER PLASTIK;1;MAKASSAR
;;MAKASSAR;MAKASSAR PLASTIK;1;MAKASSAR;SUMBER PLASTIK;1;MAKASSAR;RAJA PLASTIK;1;MAKASSAR
93;KANTONG CUP 2;PALOPO;ABADI JAYA;1;PALOPO;MAKASSAR PLASTIK;3;MAKASSAR;SUMBER PLASTIK;1;MAKASSAR
;;BONE;GUDANG PACK;1;BONE;MAKASSAR PLASTIK;3;MAKASSAR;SUMBER PLASTIK;1;MAKASSAR
;;PARE;TOKO PLASTIK 27;1;PARE;MAKASSAR PLASTIK;3;MAKASSAR;SUMBER PLASTIK;1;MAKASSAR
;;PINRANG;HIBA PLASTIK;1;PINRANG;MAKASSAR PLASTIK;3;MAKASSAR;SUMBER PLASTIK;1;MAKASSAR
;;MAKASSAR;MAKASSAR PLASTIK;1;MAKASSAR;SUMBER PLASTIK;1;MAKASSAR;RAJA PLASTIK;1;MAKASSAR
94;KANTONG GRAB;PALOPO;ABADI JAYA;1;PALOPO;;;;;;
;;;;;;;;;;;
95;KANTONG TAKEAWAY;PALOPO;SUMBER PLASTIK;3;MAKASSAR;ABADI JAYA;1;PALOPO;MAKASSAR PLASTIK;3;MAKASSAR
;;BONE;SUMBER PLASTIK;3;MAKASSAR;GUDANG PACK;1;BONE;MAKASSAR PLASTIK;3;MAKASSAR
;;PARE;SUMBER PLASTIK;3;MAKASSAR;HIBA PLASTIK;1;PINRANG;MAKASSAR PLASTIK;3;MAKASSAR
;;PINRANG;SUMBER PLASTIK;3;MAKASSAR;HIBA PLASTIK;1;PINRANG;MAKASSAR PLASTIK;3;MAKASSAR
;;MAKASSAR;SUMBER PLASTIK;1;MAKASSAR;MAKASSAR PLASTIK;1;MAKASSAR;;;
96;KANTONG TRASHBAG;PALOPO;MAKASSAR PLASTIK;3;MAKASSAR;ABADI JAYA;1;PALOPO;DP INDO;1;PALOPO
;;BONE;MAKASSAR PLASTIK;3;MAKASSAR;HIBAH PLASTIK;1;BONE;TOKO SURYA PLASTIK;1;BONE
;;PARE;MAKASSAR PLASTIK;3;MAKASSAR;TOKO PLASTIK 27;1;PARE;TOKO RIFQY;1;PARE
;;PINRANG;MAKASSAR PLASTIK;3;MAKASSAR;HIBAH PLASTIK;1;PINRANG;TOKO NEW GEMBIRA PLASTIK;1;PINRANG
;;MAKASSAR;MAKASSAR PLASTIK;1;MAKASSAR;SUMBER PLASTIK;1;MAKASSAR;RAJA PLASTIK;1;MAKASSAR
97;KANTONGAN PLASTIK;PALOPO;ABADI JAYA;1;PALOPO;SUMBER PLASTIK;3;MAKASSAR;MAKASSAR PLASTIK;1;MAKASSAR
;;;;;;;;;;;
98;KATSUBA PACK;PALOPO;TUUK HOUSE MEATS;1;PALOPO;TUUK HOUSE MEATS;1;PALOPO;TUUK HOUSE MEATS;1;PALOPO
;;;;;;;;;;;
99;KAYU MANIS;PALOPO;VENDOR CABE PALOPO;1;PALOPO;SAYUR MA KEMBAR ;1;PALOPO;VENDOR SAYUR 1;1;PALOPO
;;BONE;VENDOR SAYUR BONE;1; BONE;VENDOR SAYUR 1;1;BONE;VENDOR SAYUR 2;1;BONE
;;PARE;VENDOR SAYUR PARE;1;PARE;VENDOR SAYUR PARE 1;1;PARE;VENDOR SAYUR PARE 2;1;PARE
;;PINRANG;VENDOR SAYUR PINRANG;1;PINRANG;VENDOR SAYUR PINRANG 1;1;PINRANG;VENDOR SAYUR PINRANG 2;1;PINRANG
;;MAKASSAR;TOKO STAND PRESS 07;1;MAKASSAR;TOKO ROS;1;MAKASSAR;TOKO AULIA;1;MAKASSAR
100;KECAP ASIN;PALOPO;TUUK FLAVOUR ESSENTIALS;1;PALOPO;TUUK FLAVOUR ESSENTIALS;1;PALOPO;TUUK FLAVOUR ESSENTIALS;1;PALOPO
;;BONE;TUUK FLAVOUR ESSENTIALS;6;PALOPO;TUUK FLAVOUR ESSENTIALS;6;PALOPO;TUUK FLAVOUR ESSENTIALS;6;PALOPO
;;PARE;TUUK FLAVOUR ESSENTIALS;6;PALOPO;TUUK FLAVOUR ESSENTIALS;6;PALOPO;TUUK FLAVOUR ESSENTIALS;6;PALOPO
;;PINRANG;TUUK FLAVOUR ESSENTIALS;6;PALOPO;TUUK FLAVOUR ESSENTIALS;6;PALOPO;TUUK FLAVOUR ESSENTIALS;6;PALOPO
;;MAKASSAR;TUUK FLAVOUR ESSENTIALS;6;PALOPO;TUUK FLAVOUR ESSENTIALS;6;PALOPO;TUUK FLAVOUR ESSENTIALS;6;PALOPO
101;KECAP ASIN BUBUR;PALOPO;PRODUKSI TMB;1;PALOPO;PRODUKSI TMB;1;PALOPO;PRODUKSI TMB;1;PALOPO
;;BONE;PRODUKSI TMB;6;PALOPO;PRODUKSI TMB;6;PALOPO;PRODUKSI TMB;6;PALOPO
;;PARE;PRODUKSI TMB;6;PALOPO;PRODUKSI TMB;6;PALOPO;PRODUKSI TMB;6;PALOPO
;;PINRANG;PRODUKSI TMB;6;PALOPO;PRODUKSI TMB;6;PALOPO;PRODUKSI TMB;6;PALOPO
;;MAKASSAR;PRODUKSI TMB;6;PALOPO;PRODUKSI TMB;6;PALOPO;PRODUKSI TMB;6;PALOPO
102;KECAP MANIS;PALOPO;PT. INTISARI PERKASA;1;PALOPO;DP INDO;1;PALOPO;DAPUR INDO;1;PALOPO
;;BONE;PT. INTISARI PERKASA;1;BONE;SWALAYAN ORIENTAL;1;BONE;ALFAMIDI;1;BONE
;;PARE;PT. INTISARI PERKASA;1;PARE;TOKO SYAHRANI;1;PARE;ALFAMIDI;1;PARE
;;PINRANG;PT. INTISARI PERKASA;1;PINRANG;TOKO AKBAR;1;PINRANG;SEJAHTERA;1;PINRANG
;;MAKASSAR;PT. INTISARI PERKASA;1;MAKASSAR;TOKO STAND PRESS 07;1;MAKASSAR;TOKO CAHAYA MAROS;1;MAKASSAR
;;;;;;;;;;;
103;KEJU MEG BLOK;PALOPO;WIRA EKA PERSADATAMA;1;PALOPO;SATU SAMA;3;MAKASSAR;BENTENG MART ;3;MAKASSAR
;;BONE;WIRA EKA PERSADATAMA;3;PALOPO;SATU SAMA;3;MAKASSAR;BENTENG MART ;3;MAKASSAR
;;PARE;WIRA EKA PERSADATAMA;3;PALOPO;SATU SAMA;3;MAKASSAR;BENTENG MART ;3;MAKASSAR
;;PINRANG;WIRA EKA PERSADATAMA;3;PALOPO;SATU SAMA;3;MAKASSAR;BENTENG MART ;3;MAKASSAR
;;MAKASSAR;SATU SAMA;1;MAKASSAR;TOP MODE;1;MAKASSAR;BENTENG MART ;3;MAKASSAR
104;KEJU MEG SLICE MELT;BONE;WIRA EKA PERSADATAMA;3;PALOPO;SURYA NASIONAL;1;BONE;ALFAMIDI;1;BONE
;;PARE;WIRA EKA PERSADATAMA;3;PALOPO;SURYA NASIONAL;1;PARE;ALFAMIDI;1;PARE
;;PINRANG;WIRA EKA PERSADATAMA;3;PALOPO;SURYA NASIONAL;1;PINRANG;ALFAMIDI;1;PINRANG
;;MAKASSAR;SATU SAMA;1;MAKASSAR;TOP MODE;1;MAKASSAR;BENTENG MART ;3;MAKASSAR
105;KEJU MELTED;PALOPO;CV SURYA CEMERLANG;3;MAKASSAR;WJM SHOP;3;MAKASSAR;SATU SAMA;3;MAKASSAR
;;BONE;CV SURYA CEMERLANG;3;MAKASSAR;WJM SHOP;3;MAKASSAR;SATU SAMA;3;MAKASSAR
;;PARE;CV SURYA CEMERLANG;3;MAKASSAR;WJM SHOP;3;MAKASSAR;SATU SAMA;3;MAKASSAR
;;PINRANG;CV SURYA CEMERLANG;3;MAKASSAR;WJM SHOP;3;MAKASSAR;SATU SAMA;3;MAKASSAR
;;MAKASSAR;CV SURYA CEMERLANG;3;MAKASSAR;WJM SHOP;3;MAKASSAR;SATU SAMA;3;MAKASSAR
106;KERTAS DIMSUM;PALOPO;MAKASSAR PLASTIK;3;MAKASSAR;HIBAH PLASTIK;1;PALOPO;SUMBER PLASTIK;3;MAKASSAR
;;BONE;GUDANG PACK;1;BONE;PLASTIC RAYS 2;1;BONE;TOKO SURYA PLASTIK;1;BONE
;;PARE;HIBAH PLASTIK;1;PINRANG;TOKO PLASTIK 27;1;PARE;TOKO RIFQY;1;PARE
;;PINRANG;HIBAH PLASTIK;1;PINRANG;TOKO NEW GEMBIRA PLASTIK;1;PINRANG;SAHABAT FROZEN & ANEKA PLASTIK;1;PINRANG
;;MAKASSAR;MAKASSAR PLASTIK;1;MAKASSAR;SUMBER PLASTIK;1;MAKASSAR;RAJA PLASTIK;1;MAKASSAR
107;KERTAS NASI COKLAT;BONE;GUDANG PACK;1;BONE;SWALAYAN ORIENTAL;1;BONE;PLASTIC RAYS 2;1;BONE
;;PARE;TOKO SINAR TENGGARA;1;PARE;TOKO RIFQY;1;PARE;ABLAM JAYA ;1;PARE
;;PINRANG;HIBAH PLASTIK;1;PINRANG;TOKO NN PLASTIK;1;PINRANG;TOKO TIJAROH PLASTIK;1;PINRANG
;;MAKASSAR;MAKASSAR PLASTIK;1;MAKASSAR;SUMBER PLASTIK;1;MAKASSAR;RAJA PLASTIK;1;MAKASSAR
108;KERTAS ROTI;PALOPO;ABADI JAYA;1;PALOPO;;1;PALOPO;;1;PALOPO
109;KULIT DIMSUM;PALOPO;TUUK HOUSE MEATS;1;PALOPO;TUUK HOUSE MEATS;1;PALOPO;TUUK HOUSE MEATS;1;PALOPO
;;BONE;TUUK HOUSE MEATS;6;PALOPO;TUUK HOUSE MEATS;6;PALOPO;TUUK HOUSE MEATS;6;PALOPO
;;PARE;TUUK HOUSE MEATS;6;PALOPO;TUUK HOUSE MEATS;6;PALOPO;TUUK HOUSE MEATS;6;PALOPO
;;PINRANG;TUUK HOUSE MEATS;6;PALOPO;TUUK HOUSE MEATS;6;PALOPO;TUUK HOUSE MEATS;6;PALOPO
;;MAKASSAR;TUUK HOUSE MEATS;6;PALOPO;TUUK HOUSE MEATS;6;PALOPO;TUUK HOUSE MEATS;6;PALOPO
110;KULIT PANGSIT;PALOPO;TUUK HOUSE MEATS;1;PALOPO;TUUK HOUSE MEATS;1;PALOPO;TUUK HOUSE MEATS;1;PALOPO
;;BONE;TUUK HOUSE MEATS;6;PALOPO;TUUK HOUSE MEATS;6;PALOPO;TUUK HOUSE MEATS;6;PALOPO
;;PARE;TUUK HOUSE MEATS;6;PALOPO;TUUK HOUSE MEATS;6;PALOPO;TUUK HOUSE MEATS;6;PALOPO
;;PINRANG;TUUK HOUSE MEATS;6;PALOPO;TUUK HOUSE MEATS;6;PALOPO;TUUK HOUSE MEATS;6;PALOPO
;;MAKASSAR;TUUK HOUSE MEATS;6;PALOPO;TUUK HOUSE MEATS;6;PALOPO;TUUK HOUSE MEATS;6;PALOPO
111;KULIT XIAOBA;PALOPO;TUUK HOUSE MEATS;1;PALOPO;TUUK HOUSE MEATS;1;PALOPO;TUUK HOUSE MEATS;1;PALOPO
;;BONE;TUUK HOUSE MEATS;6;PALOPO;TUUK HOUSE MEATS;6;PALOPO;TUUK HOUSE MEATS;6;PALOPO
;;PARE;TUUK HOUSE MEATS;6;PALOPO;TUUK HOUSE MEATS;6;PALOPO;TUUK HOUSE MEATS;6;PALOPO
;;PINRANG;TUUK HOUSE MEATS;6;PALOPO;TUUK HOUSE MEATS;6;PALOPO;TUUK HOUSE MEATS;6;PALOPO
;;MAKASSAR;TUUK HOUSE MEATS;6;PALOPO;TUUK HOUSE MEATS;6;PALOPO;TUUK HOUSE MEATS;6;PALOPO
112;KUOTIE MINI;PALOPO;TUUK HOUSE MEATS;1;PALOPO;TUUK HOUSE MEATS;1;PALOPO;TUUK HOUSE MEATS;1;PALOPO
;;BONE;TUUK HOUSE MEATS;6;PALOPO;TUUK HOUSE MEATS;6;PALOPO;TUUK HOUSE MEATS;6;PALOPO
;;PARE;TUUK HOUSE MEATS;6;PALOPO;TUUK HOUSE MEATS;6;PALOPO;TUUK HOUSE MEATS;6;PALOPO
;;PINRANG;TUUK HOUSE MEATS;6;PALOPO;TUUK HOUSE MEATS;6;PALOPO;TUUK HOUSE MEATS;6;PALOPO
;;MAKASSAR;TUUK HOUSE MEATS;6;PALOPO;TUUK HOUSE MEATS;6;PALOPO;TUUK HOUSE MEATS;6;PALOPO
113;KUOTIE PACK;PALOPO;TUUK HOUSE MEATS;1;PALOPO;TUUK HOUSE MEATS;1;PALOPO;TUUK HOUSE MEATS;1;PALOPO
;;BONE;TUUK HOUSE MEATS;6;PALOPO;TUUK HOUSE MEATS;6;PALOPO;TUUK HOUSE MEATS;6;PALOPO
;;PARE;TUUK HOUSE MEATS;6;PALOPO;TUUK HOUSE MEATS;6;PALOPO;TUUK HOUSE MEATS;6;PALOPO
;;PINRANG;TUUK HOUSE MEATS;6;PALOPO;TUUK HOUSE MEATS;6;PALOPO;TUUK HOUSE MEATS;6;PALOPO
;;MAKASSAR;TUUK HOUSE MEATS;6;PALOPO;TUUK HOUSE MEATS;6;PALOPO;TUUK HOUSE MEATS;6;PALOPO
114;LABEL;PALOPO;TOKO DEVIN;1;PALOPO;TOKO ASTIKA ;1;PALOPO;DEINRA ATK ;1;PALOPO
;;;;;;;;;;;
115;LADA BUBUK;PALOPO;PELITA TERANG MAKMUR;1;PALOPO;DP INDO;1;PALOPO;DAPUR MARKET;1;PALOPO
;;PARE;PELITA TERANG MAKMUR;6;PALOPO;DP INDO;1;PALOPO;DAPUR MARKET;1;PALOPO
;;;;;;;;;;;
116;MADU TJ;PALOPO;DAPUR MARKET;1;PALOPO;DP INDO ;1;PALOPO;TOKO CEMERLANG;1;PALOPO
;;BONE;SWALAYAN ORIENTAL;1;BONE;SURYA INDAH SWALAYAN;1;BONE;DAPUR MARKET;6;PALOPO
;;PARE;TOKO MANIS PARE;1;PARE;TOKO SINAR TENGGARA;1;PARE;DAPUR MARKET;6;PALOPO
;;PINRANG;TOKO HJ HAMSI;1;PINRANG;TOKO AKBAR;1;PINRANG;DAPUR MARKET;6;PALOPO
;;MAKASSAR;SATUSAMA;1;MAKASSAR;BENTENG MART;1;MAKASSAR;TOP MODE;1;MAKASSAR
117;MANGKOK SAMBEL;PALOPO;DAPUR MARKET;1;PALOPO;DP INDO;1;PALOPO;TOKO CEMERLANG;1;PALOPO
;;BONE;SWALAYAN ORIENTAL;1;BONE;GUDANG PACK BONE;1;BONE;PLASTIC RAYS 2;1;BONE
;;PARE;TOKO RIFQY;1;PARE;ABLAM JAYA PLASTIK;1;PARE;PLASTIK 27 PARE;1;PARE
;;PINRANG;HIBAH PLASTIK;1;PINRANG;TOKO NN PLASTIK;1;PINRANG;TOKO ANNUR PLASTIK;1;PINRANG
;;MAKASSAR;MAKASSAR PLASTIK;1;MAKASSAR;SUMBER PLASTIK;1;MAKASSAR;RAJA PLASTIK;1;MAKASSAR
117;MAX CREAMER;PALOPO;ANEKA JAYA BOGA;2;PALOPO;DAPUR MARKET;1;PALOPO;DP INDO ;1;PALOPO
;;BONE;ANEKA JAYA BOGA;6;PALOPO;SWALAYAN ORIENTAL;1;BONE;DAPUR INDO;1;BONE
;;PARE;ANEKA JAYA BOGA;6;PALOPO;TOKO MANIS PARE;1;PARE;TOKO SINAR TENGGARA;1;PARE
;;PINRANG;ANEKA JAYA BOGA;6;PALOPO;NEW HJ HAMSI;1;PINRANG;TOKO AKBAR;1;PINRANG
;;MAKASSAR;SATUSAMA;1;MAKASSAR;TOP MODE;1;MAKASSAR;BENTENG MART;1;MAKASSAR
118;MENTEGA PUTIH;PALOPO;DAPUR MARKET;1;PALOPO;DP INDO;1;PALOPO;;;
;;BONE;SWALAYAN ORIENTAL;1;BONE;SURYA INDAH SWALAYAN;1;BONE;;;
;;PARE;TOKO MANIS PARE;1;PARE;CAHAYA UJUNG PARE;1;PARE;;;
;;PINRANG;TOKO HJ SAMSI;1;PINRANG;TOKO MIRI;1;PINRANG;;;
;;MAKASSAR;TOKO STAND PRESS 07;1;MAKASSAR;TOKO ROS;1;MAKASSAR;TOKO CAHAYA MAROS;1;MAKASSAR
119;MIE (11 Porsi);PALOPO;TUUK FLOUR MILLS;1;PALOPO;TUUK FLOUR MILLS;1;PALOPO;TUUK FLOUR MILLS;1;PALOPO
;;BONE;TUUK FLOUR MILLS;6;PALOPO;TUUK FLOUR MILLS;6;PALOPO;TUUK FLOUR MILLS;6;PALOPO
;;PARE;TUUK FLOUR MILLS;6;PALOPO;TUUK FLOUR MILLS;6;PALOPO;TUUK FLOUR MILLS;6;PALOPO
;;PINRANG;TUUK FLOUR MILLS;6;PALOPO;TUUK FLOUR MILLS;6;PALOPO;TUUK FLOUR MILLS;6;PALOPO
;;MAKASSAR;TUUK FLOUR MILLS;6;PALOPO;TUUK FLOUR MILLS;6;PALOPO;TUUK FLOUR MILLS;6;PALOPO
120;MIE (42 Porsi);PALOPO;TUUK FLOUR MILLS;1;PALOPO;TUUK FLOUR MILLS;1;PALOPO;TUUK FLOUR MILLS;1;PALOPO
;;BONE;TUUK FLOUR MILLS;6;PALOPO;TUUK FLOUR MILLS;6;PALOPO;TUUK FLOUR MILLS;6;PALOPO
;;PARE;TUUK FLOUR MILLS;6;PALOPO;TUUK FLOUR MILLS;6;PALOPO;TUUK FLOUR MILLS;6;PALOPO
;;PINRANG;TUUK FLOUR MILLS;6;PALOPO;TUUK FLOUR MILLS;6;PALOPO;TUUK FLOUR MILLS;6;PALOPO
;;MAKASSAR;TUUK FLOUR MILLS;6;PALOPO;TUUK FLOUR MILLS;6;PALOPO;TUUK FLOUR MILLS;6;PALOPO
121;MIE KECIL;PALOPO;TUUK FLOUR MILLS;1;PALOPO;TUUK FLOUR MILLS;1;PALOPO;TUUK FLOUR MILLS;1;PALOPO
;;BONE;TUUK FLOUR MILLS;6;PALOPO;TUUK FLOUR MILLS;6;PALOPO;TUUK FLOUR MILLS;6;PALOPO
;;PARE;TUUK FLOUR MILLS;6;PALOPO;TUUK FLOUR MILLS;6;PALOPO;TUUK FLOUR MILLS;6;PALOPO
;;PINRANG;TUUK FLOUR MILLS;6;PALOPO;TUUK FLOUR MILLS;6;PALOPO;TUUK FLOUR MILLS;6;PALOPO
;;MAKASSAR;TUUK FLOUR MILLS;6;PALOPO;TUUK FLOUR MILLS;6;PALOPO;TUUK FLOUR MILLS;6;PALOPO
122;MINYAK BAWANG;PALOPO;TUUK FLAVOUR ESSENTIALS;1;PALOPO;TUUK FLAVOUR ESSENTIALS;1;PALOPO;TUUK FLAVOUR ESSENTIALS;1;PALOPO
;;BONE;TUUK FLAVOUR ESSENTIALS;6;PALOPO;TUUK FLAVOUR ESSENTIALS;6;PALOPO;TUUK FLAVOUR ESSENTIALS;6;PALOPO
;;PARE;TUUK FLAVOUR ESSENTIALS;6;PALOPO;TUUK FLAVOUR ESSENTIALS;6;PALOPO;TUUK FLAVOUR ESSENTIALS;6;PALOPO
;;PINRANG;TUUK FLAVOUR ESSENTIALS;6;PALOPO;TUUK FLAVOUR ESSENTIALS;6;PALOPO;TUUK FLAVOUR ESSENTIALS;6;PALOPO
;;MAKASSAR;TUUK FLAVOUR ESSENTIALS;6;PALOPO;TUUK FLAVOUR ESSENTIALS;6;PALOPO;TUUK FLAVOUR ESSENTIALS;6;PALOPO
123;MINYAK GORENG;PALOPO;PT PELITA TERANG MAKMUR;1;PALOPO;DAPUR MARKET;1;PALOPO;DP INDO;1;PALOPO
;;BONE;PT PELITA TERANG MAKMUR;1;BONE;SWALAYAN ORIENTAL;1;BONE;SURYA INDAH SWALAYAN;1;BONE
;;PARE;PT PELITA TERANG MAKMUR;1;PARE;TOKO AKBAR;1;PARE;TOKO SYAHRANI;1;PARE
;;PINRANG;PT PELITA TERANG MAKMUR;1;PINRANG;TOKO HJ HAMSI;1;PINRANG;SEJAHTERA;1;PINRANG
;;MAKASSAR;PT PELITA TERANG MAKMUR;1;MAKASSAR;BENTENG MART;1;MAKASSAR;SATUSAMA;1;MAKASSAR
124;MINYAK WIJEN;PALOPO;MULIA ABADI INDO;1;PALOPO;INTISARI PERKASA;1;PALOPO;SSM;3;MAKASSSAR
;;BONE;MULIA ABADI INDO;1;BONE;INTISARI PERKASA;1;BONE;SSM;3;MAKASSSAR
;;PARE;MULIA ABADI INDO;1;PARE;INTISARI PERKASA;1;PARE;SSM;3;MAKASSSAR
;;PINRANG;MULIA ABADI INDO;1;PINRANG;INTISARI PERKASA;1;PINRANG;SSM;3;MAKASSSAR
;;MAKASSAR;MULIA ABADI INDO;1;MAKASSAR;INTISARI PERKASA;1;MAKASSAR;SSM;1;MAKASSAR
125;MORIN CARAMEL;PALOPO;DP INDO ;1;PALOPO;DAPUR MARKET;1; PALOPO;TOKO CEMERLANG;1;PALOPO
;;BONE;SWALAYAN ORIENTAL;1;BONE;SURYA INDAH SWALAYAN;1;BONE;;;
;;PARE;TOKO MANIS PARE;1;PARE;TOKO SYAHRANI;1;PARE;CAHAYA UJUNG PARE;1;PARE
;;PINRANG;TOKO HJ SAMSI;1;PINRANG;SEJAHTERA;1;PINRANG;TOKO AKBAR;1;PINRANG
;;MAKASSAR;SATUSAMA;1;MAKASSAR;TOP MODE;1;MAKASSAR;BENTENG MART;1;MAKASSAR
126;NAI LAO BA PACK;PALOPO;TUUK HOUSE MEETS;1;PALOPO;TUUK HOUSE MEETS;1;PALOPO;TUUK HOUSE MEETS;1;PALOPO
;;BONE;TUUK HOUSE MEETS;6;PALOPO;TUUK HOUSE MEETS;6;PALOPO;TUUK HOUSE MEETS;6;PALOPO
;;PARE;TUUK HOUSE MEETS;6;PALOPO;TUUK HOUSE MEETS;6;PALOPO;TUUK HOUSE MEETS;6;PALOPO
;;PINRANG;TUUK HOUSE MEETS;6;PALOPO;TUUK HOUSE MEETS;6;PALOPO;TUUK HOUSE MEETS;6;PALOPO
;;MAKASSAR;TUUK HOUSE MEETS;6;PALOPO;TUUK HOUSE MEETS;6;PALOPO;TUUK HOUSE MEETS;6;PALOPO
127;NUTRIJELL PLAIN;PALOPO;DAPUR MARKET;1;PALOPO;DP INDO;1; PALOPO;TOKO CEMERLANG;1;PALOPO
;;BONE;SWALAYAN ORIENTAL;1;BONE;SURYA INDAH SWALAYAN;1;BONE;TOKO USAHA BARU;1;BONE
;;PARE;TOKO MANIS PARE;1;PARE;TOKO SINAR TENGGARA;1;PARE;TOKO FROZEN & BAHAN KUE;1;PARE
;;PINRANG;TOKO HJ SAMSI;1;PINRANG;TOKO MANIS PARE;1;PARE;SEJAHTERA;1;PINRANG
;;MAKASSAR;SATUSAMA;1;MAKASSAR;TOKO SEMANGAT MAKMUR;1;MAKASSAR;TOKO ROS;1;MAKASSAR
128;OREO;PALOPO;DAPUR MARKET;1;PALOPO;DP INDO;1; PALOPO;TOKO CEMERLANG;1;PALOPO
;;BONE;SWALAYAN ORIENTAL;1;BONE;SURYA INDAH SWALAYAN;1;BONE;TOKO USAHA BARU;1;BONE
;;PARE;TOKO MANIS PARE;1;PARE;TOKO SINAR TENGGARA;1;PARE;TOKO FROZEN & BAHAN KUE;1;PARE
;;PINRANG;TOKO HJ SAMSI;1;PINRANG;TOKO MANIS PARE;1;PARE;SEJAHTERA;1;PINRANG
;;MAKASSAR;SATUSAMA;1;MAKASSAR;TOKO SEMANGAT MAKMUR;1;MAKASSAR;TOKO ROS;1;MAKASSAR
129;PEWARNA MAKANAN MERAH MUDA;PALOPO;DAPUR MARKET;1;PALOPO;DP INDO;1; PALOPO;TOKO CEMERLANG;1;PALOPO
;;BONE;SWALAYAN ORIENTAL;1;BONE;SURYA INDAH SWALAYAN;1;BONE;TOKO USAHA BARU;1;BONE
;;PARE;TOKO MANIS PARE;1;PARE;TOKO SINAR TENGGARA;1;PARE;TOKO FROZEN & BAHAN KUE;1;PARE
;;PINRANG;TOKO HJ SAMSI;1;PINRANG;TOKO MANIS PARE;1;PARE;SEJAHTERA;1;PINRANG
;;MAKASSAR;SATUSAMA;1;MAKASSAR;TOKO SEMANGAT MAKMUR;1;MAKASSAR;TOKO ROS;1;MAKASSAR
130;PIRING;PALOPO;DAPUR MARKET;1;PALOPO;DP INDO;1;PALOPO;TOKO CEMERLANG;1;PALOPO
131;PLASTIK ATLAS;PALOPO;ABADI JAYA;1;PALOPO;DAPUR MARKET;1;PALOPO;DP INDO;1;PALOPO
;;BONE;SWALAYAN ORIENTAL;1;BONE;GUDANG PACK BONE;1;BONE;PLASTIC RAYS 2;1;BONE
;;PARE;HIBAH PLASTIK;1;PINRANG;TOKO RIFQY;1;PARE;TOKO PLASTIK 27 ;1;PARE
;;PINRANG;HIBAH PLASTIK;1;PINRANG;TOKO ANNUR PLASTIK;2;PINRANG;TOKO TIJAROH PLASTIK;1;PINRANG
;;MAKASSAR;MAKASSAR PLASTIK;1;MAKASSAR;RAJA PLASTIK ;1;MAKASSAR;Sumber Plastik MKS;1;MAKASSAR
132;PLASTIK VACUM;PALOPO;PRODUKSI TMB;1;PALOPO;PRODUKSI TMB;1;PALOPO;PRODUKSI TMB;1;PALOPO
;;BONE;PRODUKSI TMB;6;PALOPO;PRODUKSI TMB;6;PALOPO;PRODUKSI TMB;6;PALOPO
;;PARE;PRODUKSI TMB;6;PALOPO;PRODUKSI TMB;6;PALOPO;PRODUKSI TMB;6;PALOPO
;;PINRANG;PRODUKSI TMB;6;PALOPO;PRODUKSI TMB;6;PALOPO;PRODUKSI TMB;6;PALOPO
;;MAKASSAR;PRODUKSI TMB;6;MAKASSAR;PRODUKSI TMB;6;MAKASSAR;PRODUKSI TMB;6;MAKASSAR
133;PLASTIK WRAP;PALOPO;ABADI JAYA;1;PALOPO;DAPUR MARKET;1;PALOPO;DP INDO;1;PALOPO
;;BONE;SWALAYAN ORIENTAL;1;BONE;GUDANG PACK BONE;1;BONE;PLASTIC RAYS 2;1;BONE
;;PARE;HIBAH PLASTIK;1;PINRANG;TOKO RIFQY;1;PARE;TOKO PLASTIK 27 ;1;PARE
;;PINRANG;HIBAH PLASTIK;1;PINRANG;TOKO ANNUR PLASTIK;2;PINRANG;TOKO TIJAROH PLASTIK;1;PINRANG
;;MAKASSAR;MAKASSAR PLASTIK;1;MAKASSAR;RAJA PLASTIK ;1;MAKASSAR;Sumber Plastik MKS;1;MAKASSAR
134;POWDER GREENTEA LATTE;PALOPO;SINAR ANUGERAH;2;MAROS;DAPUR MARKET;1;PALOPO;DP INDO;1;PALOPO
;;BONE;SINAR ANUGERAH;2;MAROS;SWALAYAN ORIENTAL;1;BONE;SURYA INDAH SWALAYAN;1;BONE
;;PARE;SINAR ANUGERAH;2;MAROS;CAHAYA UJUNG PARE;1;PARE;TOKO SYAHRANI;1;PARE
;;PINRANG;SINAR ANUGERAH;2;MAROS;SEJAHTERA ;1;PINRANG;VARIA BARU;1;PINRANG
;;MAKASSAR;SINAR ANUGERAH;1;MAROS;SATU SAMA;1;MAKASSAR;BENTENG MART;1;MAKASSAR
135;POWDER MATCHA LATTE;PALOPO;SINAR ANUGERAH;2;MAROS;DAPUR MARKET;1;PALOPO;DP INDO;1;PALOPO
;;BONE;SINAR ANUGERAH;2;MAROS;SWALAYAN ORIENTAL;1;BONE;SURYA INDAH SWALAYAN;1;BONE
;;PARE;SINAR ANUGERAH;2;MAROS;CAHAYA UJUNG PARE;1;PARE;TOKO SYAHRANI;1;PARE
;;PINRANG;SINAR ANUGERAH;2;MAROS;SEJAHTERA ;1;PINRANG;VARIA BARU;1;PINRANG
;;MAKASSAR;SINAR ANUGERAH;1;MAROS;SATU SAMA;1;MAKASSAR;BENTENG MART;1;MAKASSAR
136;POWDER TARO;PALOPO;SINAR ANUGERAH;2;MAROS;DAPUR MARKET;1;PALOPO;DP INDO;1;PALOPO
;;BONE;SINAR ANUGERAH;2;MAROS;SWALAYAN ORIENTAL;1;BONE;SURYA INDAH SWALAYAN;1;BONE
;;PARE;SINAR ANUGERAH;2;MAROS;CAHAYA UJUNG PARE;1;PARE;TOKO SYAHRANI;1;PARE
;;PINRANG;SINAR ANUGERAH;2;MAROS;SEJAHTERA ;1;PINRANG;VARIA BARU;1;PINRANG
;;MAKASSAR;SINAR ANUGERAH;1;MAROS;SATU SAMA;1;MAKASSAR;BENTENG MART;1;MAKASSAR
137;POWDER VANILLA;PALOPO;SINAR ANUGERAH;2;MAROS;DAPUR MARKET;1;PALOPO;DP INDO;1;PALOPO
;;BONE;SINAR ANUGERAH;2;MAROS;SWALAYAN ORIENTAL;1;BONE;SURYA INDAH SWALAYAN;1;BONE
;;PARE;SINAR ANUGERAH;2;MAROS;CAHAYA UJUNG PARE;1;PARE;TOKO SYAHRANI;1;PARE
;;PINRANG;SINAR ANUGERAH;2;MAROS;SEJAHTERA ;1;PINRANG;VARIA BARU;1;PINRANG
;;MAKASSAR;SINAR ANUGERAH;1;MAROS;SATU SAMA;1;MAKASSAR;BENTENG MART;1;MAKASSAR
138;RINSO CAIR;PALOPO;ALFAMIDI;1;PALOPO;DAPUR MARKET;1;PALOPO;DP INDO;1;PALOPO
;;BONE;ALFAMIDI;1;BONE;SWALAYAN ORIENTAL;1;BONE;SURYA INDAH SWALAYAN;1;BONE
;;PARE;ALFAMIDI;1;PARE;TOKO SYAHRANI;1;PARE;ABLAM JAYA;1;PARE
;;PINRANG;ALFAMIDI;1;PINRANG;TOKO HJ SAMSI;1;PINRANG;TOKO MIRI;1;PINRANG
;;MAKASSAR;ALFAMIDI;1;MAKASSAR;PT SENTRAL 88 ;1; MAKASSAR;;;
139;ROLL SEALER;PALOPO;ABADI JAYA;1;PALOPO;DAPUR MARKET;1;PALOPO;DP INDO;1;PALOPO
;;BONE;GUDANG PACK;1;BONE;SWLAYAN ORIENTAL;1;BONE;PLASTIC RAYS 2;1;BONE
;;PARE;HIBAH PLASTIK;1;PINRANG;TOKO RIFQY;1;PARE;ABLAM JAYA;1;PARE
;;PINRANG;HIBAH PLASTIK;1;PINRANG;TOKO NEW GEMBIRA PLASTIK;1;PINRANG;TOKO TIJAROH PLASTIK;1;PINRANG
;;MAKASSAR;MAKASSAR PLASTIK;1;MAKASSAR;SUMBER PLASTIK;1;MAKASSAR;RAJA PLASTIK;1;MAKASSAR
140;SAMBEL DIMSUM;PALOPO;TUUK FLAVOUR ESSENTIALS;1;PALOPO;TUUK FLAVOUR ESSENTIALS;1;PALOPO;TUUK FLAVOUR ESSENTIALS;1;PALOPO
;;BONE;TUUK FLAVOUR ESSENTIALS;6;PALOPO;TUUK FLAVOUR ESSENTIALS;6;PALOPO;TUUK FLAVOUR ESSENTIALS;6;PALOPO
;;PARE;TUUK FLAVOUR ESSENTIALS;6;PALOPO;TUUK FLAVOUR ESSENTIALS;6;PALOPO;TUUK FLAVOUR ESSENTIALS;6;PALOPO
;;PINRANG;TUUK FLAVOUR ESSENTIALS;6;PALOPO;TUUK FLAVOUR ESSENTIALS;6;PALOPO;TUUK FLAVOUR ESSENTIALS;6;PALOPO
;;MAKASSAR;TUUK FLAVOUR ESSENTIALS;6;PALOPO;TUUK FLAVOUR ESSENTIALS;6;PALOPO;TUUK FLAVOUR ESSENTIALS;6;PALOPO
141;SARUNG TANGAN;PALOPO;HIBAH PLASTIK;1;PINRANG;DP INDO;1;PALOPO;DAPUR MARKET;1;PALOPO
;;BONE;HIBAH PLASTIK;1;PINRANG;SWALAYAN ORIENTAL;1;BONE;PLASTIC RAYS 2;1;BONE
;;PARE;HIBAH PLASTIK;1;PINRANG;ABLAM JAYA;1;PARE;TOKO RIFQY;1;PARE
;;PINRANG;HIBAH PLASTIK;1;PINRANG;TOKO NEW GEMBIRA PLASTIK;1;PINRANG;TOKO TIJAROH PLASTIK;1;PINRANG
;;MAKASSAR;MAKASSAR PLASTIK;1;MAKASSAR;RAJA PLASTIK ;1;MAKASSAR;Sumber Plastik MKS;1;MAKASSAR
142;SAYUR KOL;PALOPO;VENDOR SAYUR PALOPO;1;PALOPO;VENDOR SAYUR PALOPO 1;1;PALOPO;VENDOR SAYUR PALOPO 2;1;PALOPO
;;BONE;VENDOR SAYUR BONE;1;BONE;VENDOR SAYUR BONE 1;1;BONE;VENDOR SAYUR BONE 2;1;BONE
;;PARE;VENDOR SAYUR PARE;1;PARE;VENDOR SAYUR PARE 1;1;PARE;VENDOR SAYUR PARE 2;1;PARE
;;PINRANG;VENDOR SAYUR PINRANG;1;PINRANG;VENDOR SAYUR PINRANG 1;1;PINRANG;VENDOR SAYUR PINRANG 2;1;PINRANG
;;MAKASSAR;TOKO AULIA;1;MAKASSAR;TOKO ALIP;1;MAKASSAR;TOKO BERKAH BERSAMA;1;MAKASSAR
143;SAYUR WORTEL;PALOPO;VENDOR SAYUR PALOPO;1;PALOPO;VENDOR SAYUR PALOPO 1;1;PALOPO;VENDOR SAYUR PALOPO 2;1;PALOPO
;;BONE;VENDOR SAYUR BONE;1;BONE;VENDOR SAYUR BONE 1;1;BONE;VENDOR SAYUR BONE 2;1;BONE
;;PARE;VENDOR SAYUR PARE;1;PARE;VENDOR SAYUR PARE 1;1;PARE;VENDOR SAYUR PARE 2;1;PARE
;;PINRANG;VENDOR SAYUR PINRANG;1;PINRANG;VENDOR SAYUR PINRANG 1;1;PINRANG;VENDOR SAYUR PINRANG 2;1;PINRANG
;;MAKASSAR;TOKO AULIA;1;MAKASSAR;TOKO ALIP;1;MAKASSAR;TOKO BERKAH BERSAMA;1;MAKASSAR
144;SEDOTAN BOBA;PALOPO;ABADI JAYA;1;PALOPO;HIBAH PLASTIK;6;PINRANG;SWALAYAN ORIENTAL;6;BIONE
;;BONE;GUDANG PACK;1;BONE;HIBAH PLASTIK;6;PINRANG;SWALAYAN ORIENTAL;6;BIONE
;;PARE;HIBAH PLASTIK;1;PINRANG;SWALAYAN ORIENTAL;6;BIONE;ABADI JAYA;1;PALOPO
;;PINRANG;HIBAH PLASTIK;1;PINRANG;SWALAYAN ORIENTAL;6;BIONE;ABADI JAYA;1;PALOPO
;;MAKASSAR;MAKASSAR PLASTIK;1;MAKASSAR;RAJA PLASTIK ;1;MAKASSAR;Sumber Plastik MKS;1;MAKASSAR
145;SEDOTAN RUNCING;PALOPO;HIBAH PLASTIK;6;PINRANG;ABADI JAYA;1;BONE;SWALAYAN ORIENTAL;6;BIONE
;;BONE;GUDANG PACK;1;BONE;SWALAYAN ORIENTAL;1;BIONE;HIBAH PLASTIK;6;PINRANG
;;PARE;HIBAH PLASTIK;6;PINRANG;ABADI JAYA;1;BONE;SWALAYAN ORIENTAL;6;BIONE
;;PINRANG;HIBAH PLASTIK;6;PINRANG;ABADI JAYA;1;BONE;SWALAYAN ORIENTAL;6;BIONE
;;MAKASSAR;MAKASSAR PLASTIK;1;MAKASSAR;RAJA PLASTIK ;1;MAKASSAR;Sumber Plastik MKS;1;MAKASSAR
146;SENDOK BUBUR;PALOPO;DAPUR MARKET;1;PALOPO;HIBAH PLASTIK;1;BONE;SWALAYAN ORIENTAL;6;BIONE
;;BONE;GUDANG PACK;1;BONE;SWALAYAN ORIENTAL;1;BIONE;HIBAH PLASTIK;6;PINRANG
;;PARE;TOKO RIFQY;1;PARE;ABLAM JAYA;1;PARE;SINAR TENGGARA;1; PARE
;;PINRANG;HIBAH PLASTIK;1;PINRANG;TOKO TIJAROH PLASTIK;1;PINRANG;TOKO NEW GEMBIRA PLASTIK;1;PINRANG
;;MAKASSAR;MAKASSAR PLASTIK;1;MAKASSAR;RAJA PLASTIK ;1;MAKASSAR;Sumber Plastik MKS;1;MAKASSAR
147;SENDOK CHATANG;PALOPO;DP INDO;1;PALOPO;DAPUR MARKET;1;PALOPO;ABADI JAYA;1;PALOPO
;;BONE;HIBAH PLASTIK;1;BONE;SWLAYAN ORIENTAL;1;BONE;GUDANG PACK;1;BONE
;;PARE;TOKO RIFQY;1;PARE;ABLAM JAYA;1;PARE;SINAR TENGGARA;1; PARE
;;PINRANG;HIBAH PLASTIK;1;BONE;TOKO TIJAROH PLASTIK;1;PINRANG;TOKO NEW GEMBIRA PLASTIK;1;PINRANG
;;MAKASSAR;MAKASSAR PLASTIK;1;MAKASSAR;SUMBER PLASTIK;1;MAKASSAR;RAJA PLASTIK;1;MAKASSAR
148;SERAI;PALOPO;VENDOR SAYUR PALOPO;1;PALOPO;VENDOR MA KEMBAR PLP;1;PALOPO;;;
;;BONE;VENDOR SAYUR BONE;1;BONE;TOKO 89 BONE;1;BONE;;;
;;PARE;TOKO HJ IDA;1;PARE;TOKO SAYUR MADI;1;PARE;;;
;;PINRANG;LAMBADA PINRANG;1;PINRANG;VENDOR SAYUR PINRANG;1;PINRANG;;;
;;MAKASSAR;TOKO AULIA;1;MAKASSAR;TOKO STAND PRESS 07;1;MAKASSAR;TOKO ROS;1;MAKASSAR
149;SERBET;PALOPO;PT. ANUTA KARYA PRIMA;1;PALOPO;ABADI JAYA;1;PALOPO;DP INDO;1;PALOPO
;;BONE;PT. ANUTA KARYA PRIMA;1;BONE;SWALAYAN ORIENTAL;1;PALOPO;SURYA INDAH SWALAYAN;1;PALOPO
;;PARE;PT. ANUTA KARYA PRIMA;1;PARE;TOKO SYAHRANI;1;PARE;CAHAYA UJUNG PARE;1;PARE
;;PINRANG;PT. ANUTA KARYA PRIMA;1;PINRANG;TOKO AKBAR;1;PINRANG;TOKO HJ SAMSI;1;PINRANG
;;MAKASSAR;PT. ANUTA KARYA PRIMA;1;MAKASSAR;MAKASSAR PLASTIK;1;MAKASSAR;SUMBER PLASTIK;1;MAKASSAR
150;SHINE ROAD WHIP CREAM;PALOPO;SWALAYAN ORIENTAL;6;BONE;TOKO CEMERLANG;1;PALOPO;BENTENG MART;6;MAKASSAR
;;BONE;SWALAYAN ORIENTAL;1;BONE;TOKO CEMERLANG;6;BONE;BENTENG MART;6;MAKASSAR
;;PARE;SWALAYAN ORIENTAL;6;BONE;TOKO CEMERLANG;6;PARE;BENTENG MART;6;MAKASSAR
;;PINRANG;SWALAYAN ORIENTAL;6;BONE;TOKO CEMERLANG;6;PINRANG;BENTENG MART;6;MAKASSAR
;;MAKASSAR;WJM;1;MAKASSAR;SATU SAMA;1;MAKASSAR;BENTENG MART;1;MAKASSAR
151;SHUMAI MINI;PALOPO;TUUK HOUSE MEATS;1;PALOPO;;;;;;
;;BONE;TUUK HOUSE MEATS;6;PALOPO;;;;;;
;;PARE;TUUK HOUSE MEATS;6;PALOPO;;;;;;
;;PINRANG;TUUK HOUSE MEATS;6;PALOPO;;;;;;
;;MAKASSAR;TUUK HOUSE MEATS;6;PALOPO;;;;;;
152;SHUMAI PACK;PALOPO;TUUK HOUSE MEATS;1;PALOPO;;;;;;
;;BONE;TUUK HOUSE MEATS;6;PALOPO;;;;;;
;;PARE;TUUK HOUSE MEATS;6;PALOPO;;;;;;
;;PINRANG;TUUK HOUSE MEATS;6;PALOPO;;;;;;
;;MAKASSAR;TUUK HOUSE MEATS;6;PALOPO;;;;;;
153;SIRUP DRIP BANANA;PALOPO;MULIA ABADI INDO;2;PALOPO;DAPUR MARKET;1;PALOPO;DP INDO;1;PALOPO
;;BONE;MULIA ABADI INDO;2;BONE;SWALAYAN ORIENTAL;1;BONE;SURYA INDAH SWALAYAN;1;BONE
;;PARE;MULIA ABADI INDO;6;PALOPO;TOKO SYAHRANI;1;PARE;RADJASHOP;1;PINRANG
;;PINRANG;MULIA ABADI INDO;6;PALOPO;TOKO HJ SAMSI;1;PINRANG;RADJASHOP;1;PINRANG
;;MAKASSAR;SATU SAMA;1;MAKASSAR;BENTENG MART;1;MAKASSAR;TOP MODE;1;MAKASSAR
154;SIRUP DRIP BUTTERSCOTH;PALOPO;MULIA ABADI INDO;1;PALOPO;DAPUR MARKET;1;PALOPO;DP INDO;1;PALOPO
155;SIRUP LECI;PALOPO;MULIA ABADI INDO;2;PALOPO;DAPUR MARKET;1;PALOPO;DP INDO;1;PALOPO
;;BONE;MULIA ABADI INDO;2;BONE;SWALAYAN ORIENTAL;1;BONE;SURYA INDAH SWALAYAN;1;BONE
;;PARE;MULIA ABADI INDO;6;PALOPO;TOKO SYAHRANI;1;PARE;RADJASHOP;1;PINRANG
;;PINRANG;MULIA ABADI INDO;6;PALOPO;TOKO HJ SAMSI;1;PINRANG;RADJASHOP;1;PINRANG
;;MAKASSAR;SATU SAMA;1;MAKASSAR;BENTENG MART;1;MAKASSAR;TOP MODE;1;MAKASSAR
156;SIRUP LEMON;PALOPO;MULIA ABADI INDO;2;PALOPO;DAPUR MARKET;1;PALOPO;DP INDO;1;PALOPO
;;BONE;MULIA ABADI INDO;2;BONE;SWALAYAN ORIENTAL;1;BONE;SURYA INDAH SWALAYAN;1;BONE
;;PARE;MULIA ABADI INDO;6;PALOPO;TOKO SYAHRANI;1;PARE;RADJASHOP;1;PINRANG
;;PINRANG;MULIA ABADI INDO;6;PALOPO;TOKO HJ SAMSI;1;PINRANG;RADJASHOP;1;PINRANG
;;MAKASSAR;SATU SAMA;1;MAKASSAR;BENTENG MART;1;MAKASSAR;TOP MODE;1;MAKASSAR
157;SIRUP MANGGA;PALOPO;MULIA ABADI INDO;2;PALOPO;DAPUR MARKET;1;PALOPO;DP INDO;1;PALOPO
;;BONE;MULIA ABADI INDO;2;BONE;SWALAYAN ORIENTAL;1;BONE;SURYA INDAH SWALAYAN;1;BONE
;;PARE;MULIA ABADI INDO;6;PALOPO;TOKO SYAHRANI;1;PARE;RADJASHOP;1;PINRANG
;;PINRANG;MULIA ABADI INDO;6;PALOPO;TOKO HJ SAMSI;1;PINRANG;RADJASHOP;1;PINRANG
;;MAKASSAR;SATU SAMA;1;MAKASSAR;BENTENG MART;1;MAKASSAR;TOP MODE;1;MAKASSAR
158;SIRUP MARJAN VANILLA;PALOPO;MULIA ABADI INDO;2;PALOPO;DAPUR MARKET;1;PALOPO;DP INDO;1;PALOPO
159;SIRUP MONIN GRENADINE;PALOPO;SEMESTA RASA;2;MAKASSAR;TOKO CEMERLANG;1;PALOPO;DAPUR MARKET;1;PALOPO
;;BONE;SEMESTA RASA;2;MAKASSAR;SWALAYAN ORIENTAL;1;BONE;SURYA INDAH SWALAYAN;1;BONE
;;PARE;SEMESTA RASA;2;MAKASSAR;SWALAYAN ORIENTAL;6;BONE;TOKO AKBAR;1;PARE
;;PINRANG;SEMESTA RASA;2;MAKASSAR;SWALAYAN ORIENTAL;6;BONE;TOKO HJ SAMSI;1;PINRANG
;;MAKASSAR;SEMESTA RASA;1;MAKASSAR;SATU SAMA;1;MAKASSAR;BENTENG MART;1;MAKASSAR
160;SIRUP PILARI GULA AREN;PALOPO;DAPUR MARKET;1;PALOPO;DP INDO;1;PALOPO;TOKO CEMERLANG;1;PALOPO
161;SIRUP TOFICO PEACH;PALOPO;TOFICO MAKASSAR;2;MAKASSAR;;;;;;
;;BONE;TOFICO MAKASSAR;2;MAKASSAR;;;;;;
;;PARE;TOFICO MAKASSAR;2;MAKASSAR;;;;;;
;;PINRANG;TOFICO MAKASSAR;2;MAKASSAR;;;;;;
;;MAKASSAR;TOFICO MAKASSAR;1;MAKASSAR;;;;;;
162;STRUK THERMAL;PALOPO;TOKO AGUNG;2;MAKASSAR;MAKASSAR PLASTIK;3;MAKASSAR;SUMBER PLASTIK;3;MAKASSAR
;;BONE;TOKO AGUNG;2;MAKASSAR;MAKASSAR PLASTIK;3;MAKASSAR;SUMBER PLASTIK;3;MAKASSAR
;;PARE;TOKO AGUNG;2;MAKASSAR;MAKASSAR PLASTIK;3;MAKASSAR;SUMBER PLASTIK;3;MAKASSAR
;;PINRANG;TOKO AGUNG;2;MAKASSAR;MAKASSAR PLASTIK;3;MAKASSAR;SUMBER PLASTIK;3;MAKASSAR
;;MAKASSAR;TOKO AGUNG;1;MAKASSAR;MAKASSAR PLASTIK;1;MAKASSAR;SUMBER PLASTIK;1;MAKASSAR
163;SUMPIT;PALOPO;GUDANG PACK;6;BONE;SWALAYAN ORIENTAL;6;BONE;ABADI JAYA;1;PALOPO
;;BONE;GUDANG PACK;1;BONE;SWALAYAN ORIENTAL;1;BONE;ABADI JAYA;6;PALOPO
;;PARE;HIBAH PLASTIK;1;PINRANG;TRIPLE JOY;2;MAKASSAR;MAKASSAR PLASTIK;2;MAKASSAR
;;PINRANG;HIBAH PLASTIK;1;PINRANG;TRIPLE JOY;2;MAKASSAR;MAKASSAR PLASTIK;2;MAKASSAR
;;MAKASSAR;MAKASSAR PLASTIK;1;MAKASSAR;SUMBER PLASTIK;1;MAKASSAR;RAJA PLASTIK;1;MAKASSAR
164;SUNLIGHT;PALOPO;ALFAMIDI;1;PALOPO;TOKO CEMERLANG;1;PALOPO;DAPUR MARKET;1;PALOPO
;;BONE;ALFAMIDI;1;BONE;SWALAYAN ORIENTAL;1;BONE;SURYA INDAH SWALAYAN;1;BONE
;;PARE;ALFAMIDI;1;PARE;TOKO SINAR TENGGARA;1;PARE;ABLAM JAYA;1;PARE
;;PINRANG;ALFAMIDI;1;PINRANG;TOKO HJ SAMSI;1;PINRANG;RADJASHOP;1;PINRANG
;;MAKASSAR;SATU SAMA;1;MAKASSAR;TOP MODE;1;MAKASSAR;BENTENG MART;1;MAKASSAR
165;SUPER PEL;PALOPO;ALFAMIDI;1;PALOPO;TOKO CEMERLANG;1;PALOPO;DAPUR MARKET;1;PALOPO
;;BONE;ALFAMIDI;1;BONE;SWALAYAN ORIENTAL;1;BONE;SURYA INDAH SWALAYAN;1;BONE
;;PARE;ALFAMIDI;1;PARE;TOKO SINAR TENGGARA;1;PARE;ABLAM JAYA;1;PARE
;;PINRANG;ALFAMIDI;1;PINRANG;TOKO HJ SAMSI;1;PINRANG;RADJASHOP;1;PINRANG
;;MAKASSAR;SATU SAMA;1;MAKASSAR;TOP MODE;1;MAKASSAR;BENTENG MART;1;MAKASSAR
166;SUSU BUBUK FRISAN FLAG;PALOPO; CV NURHIDAYAT ABADI NUSANTARA;1;PALOPO;INTISARI;1;PALOPO;TOKO CEMERLANG;1;PALOPO
167;SUSU EVAPORASI;PALOPO;PT SINAR ANUGERAH;6;MAROS;DAPUR MARKET;1;PALOPO;DP INDO;1;PALOPO
;;BONE;PT SINAR ANUGERAH;6;MAROS;SWALAYAN ORIENTAL;1;BONE;SURYA INDAH SWALAYAN;1;BONE
;;PARE;PT SINAR ANUGERAH;6;MAROS;TOKO AKBAR;1;PARE;INTISARI;1;MAKASSAR
;;PINRANG;PT SINAR ANUGERAH;6;MAROS;TOKO HJ SAMSI;1;PINRANG;INTISARI;1;MAKASSAR
;;MAKASSAR;PT SINAR ANUGERAH;1;MAROS;SATU SAMA;1;MAKASSAR;TOP MODE;1;MAKASSAR
168;SUSU SKM;PALOPO;DP INDO;1;PALOPO;INTISARI;3;MAKASSAR;SUPPLIER UMUM;1;PALOPO
;;BONE;CAKRAWALA ABADI SENTOSA;1;BONE;INTISARI;3;MAKASSAR;SUPPLIER UMUM;1;BONE
;;PARE;PT SUMBER SEJATI PERKASA;1;PARE;INTISARI;3;MAKASSAR;SUPPLIER UMUM;1;SIDRAP
;;PINRANG;PT SUMBER SEJATI PERKASA;1;PARE;INTISARI;3;MAKASSAR;SUPPLIER UMUM;1;PINRANG
;;MAKASSAR;INTISARI ;1;MAKASSAR;BENTENG MART;1;MAKASSAR;SATU SAMA;1;MAKASSAR
169;SUSU UHT FRISIAN FLAG;PALOPO;DP INDO;1;PALOPO;INTISARI;3;MAKASSAR;SUPPLIER UMUM;1;PALOPO
;;BONE;CAKRAWALA ABADI SENTOSA;1;BONE;INTISARI;3;MAKASSAR;SUPPLIER UMUM;1;BONE
;;PARE;PT SUMBER SEJATI PERKASA;1;PARE;INTISARI;3;MAKASSAR;SUPPLIER UMUM;1;SIDRAP
;;PINRANG;PT SUMBER SEJATI PERKASA;1;PARE;INTISARI;3;MAKASSAR;SUPPLIER UMUM;1;PINRANG
;;MAKASSAR;INTISARI ;1;MAKASSAR;BENTENG MART;1;MAKASSAR;SATU SAMA;1;MAKASSAR
170;TELUR AYAM;PALOPO;VENDOR TELUR IFAN;1;PALOPO;LINDA TELUR;1;PALOPO;DEPOT TELUR ANGGREK;1;PALOPO
;;BONE;ALBUMI TELUR BONE;1;BONE;CAHAYA MYB;1;SIDRAP;SWALAYAN ORIENTAL;1;BONE
;;PARE;TOKO UDIN;1;PARE;MJH AMAZON;1;PARE;CAHAYA MYB;2;SIDRAP
;;PINRANG;TELUR JAYA PINRANG;1;PINRANG;CAHAYA MYB;1;PINRANG;TOKO HJ SAMSI;1;PINRANG
;;MAKASSAR;CAHAYA MYB;2;SIDRAP;LIMA MULYA;2;GOWA;DEPOT ANNUR;1;MAKASSAR
171;TEPUNG BERAS;PALOPO;PRODUKSI TMB;1;PALOPO;PRODUKSI TMB;1;PALOPO;PRODUKSI TMB;1;PALOPO
;;BONE;PRODUKSI TMB;6;BONE;PRODUKSI TMB;6;BONE;PRODUKSI TMB;6;BONE
;;PARE;PRODUKSI TMB;6;PARE;PRODUKSI TMB;6;PARE;PRODUKSI TMB;6;PARE
;;PINRANG;PRODUKSI TMB;6;PINRANG;PRODUKSI TMB;6;PINRANG;PRODUKSI TMB;6;PINRANG
;;MAKASSAR;PRODUKSI TMB;6;MAKASSAR;PRODUKSI TMB;6;MAKASSAR;PRODUKSI TMB;6;MAKASSAR
172;TEPUNG MAIZENA;PALOPO;DAPUR MARKET;1;PALOPO;DP INDO;1; PALOPO;TOKO CEMERLANG;1;PALOPO
;;BONE;SWAYALAN ORIENTAL;1;BONE;DP INDO;1;BONE;DAPUR MARKET;3;PALOPO
;;PARE;TOKO MANIS ;1;PARE;TOKO SYAHRANI;1;PARE;DAPUR MARKET;3;PALOPO
;;PINRANG;TOKO AKBAR;1;PINRANG;TOKO HJ SAMSI;1;PINRANG;DAPUR MARKET;3;PALOPO
;;MAKASSAR;SATU SAMA;1;MAKASSAR;TOP MODE;1;MAKASSAR;BENTENG MART;1;MAKASSAR
173;TEPUNG PANIR;PALOPO;PT SINAR GOWA SUKSES;1;BONE;TOKO SETIA BUDI;1;PALOPO;SSM;3;MAKASSAR
;;BONE;PT SINAR GOWA SUKSES;1;BONE;TOKO SETIA BUDI;3;PALOPO;SSM;3;MAKASSAR
;;PARE;PT SINAR GOWA SUKSES;1;BONE;TOKO MANIS PARE;1;PARE;SSM;3;MAKASSAR
;;PINRANG;PT SINAR GOWA SUKSES;1;BONE;RADJASHOP;1;PINRANG;SSM;3;MAKASSAR
;;MAKASSAR;SSM;1;MAKASSAR;PT SINAR GOWA SUKSES;1;BONE;TOKO SETIA BUDI;3;PALOPO
174;TEPUNG TERIGU;PALOPO;TUUK HOUSE OF MEAT;1;PALOPO;INTISARI;1;PALOPO;;;
175;TERASI UDANG BUBUK;PALOPO;PRODUKSI TMB;1;PALOPO;PRODUKSI TMB;1;PALOPO;PRODUKSI TMB;1;PALOPO
;;BONE;PRODUKSI TMB;6;BONE;PRODUKSI TMB;6;BONE;PRODUKSI TMB;6;BONE
;;PARE;PRODUKSI TMB;6;PARE;PRODUKSI TMB;6;PARE;PRODUKSI TMB;6;PARE
;;PINRANG;PRODUKSI TMB;6;PINRANG;PRODUKSI TMB;6;PINRANG;PRODUKSI TMB;6;PINRANG
;;MAKASSAR;PRODUKSI TMB;6;MAKASSAR;PRODUKSI TMB;6;MAKASSAR;PRODUKSI TMB;6;MAKASSAR
176;TISU;PALOPO;PT ANUTA KARYA;1;PALOPO;ABADI AJAYA;1;PALOPO;TOKO CEMERLANG;1;PALOPO
;;BONE;PT ANUTA KARYA;1;BONE;SWAYALAYAN ORIENTAL;1;BONE;BENTENG MART;3;MAKASSAR
;;PARE;PT ANUTA KARYA;1;PARE;TOKO SYAHRANI;1;PARE;BENTENG MART;3;MAKASSAR
;;PINRANG;PT ANUTA KARYA;1;PINRANG;HIBAH PLASTIK;1;PINRANG;BENTENG MART;3;MAKASSAR
;;MAKASSAR;PT ANUTA KARYA;1;MAKASSAR;SATU SAMA;1;MAKASSAR;BENTENG MART;1;MAKASSAR
178;WIJEN PUTIH NUMBER ONE;PALOPO;DAPUR MARKET;1;PALOPO;DP INDO;1;PALOPO;SATU SAMA;3;MAKASSAR
;;BONE;SWAYALAN ORIENTAL;1;BONE;SATU SAMA;3;MAKASSAR;BENTENG MART;3;MAKASSAR
;;PARE;TOKO MANIS PARE;1;PARE;ABLAM JAYA;1;PARE;BENTENG MART;3;MAKASSAR
;;PINRANG;TOKO HJ SAMSI;1;PINRANG;TOKO MANIS PARE;1;PARE;BENTENG MART;3;MAKASSAR
;;MAKASSAR;SATU SAMA;1;MAKASSAR;BENTENG MART;1;MAKASSAR;TOKO CAHAYA BARU;1;MAKASSAR
179;WIP BUMBU BASAH AYAM GUNTING;PALOPO;PRODUKSI TMB;1;PALOPO;PRODUKSI TMB;1;PALOPO;PRODUKSI TMB;1;PALOPO
;;BONE;PRODUKSI TMB;6;PALOPO;PRODUKSI TMB;6;PALOPO;PRODUKSI TMB;6;PALOPO
;;PARE;PRODUKSI TMB;6;PALOPO;PRODUKSI TMB;6;PALOPO;PRODUKSI TMB;6;PALOPO
;;PINRANG;PRODUKSI TMB;6;PALOPO;PRODUKSI TMB;6;PALOPO;PRODUKSI TMB;6;PALOPO
;;MAKASSAR;PRODUKSI TMB;6;PALOPO;PRODUKSI TMB;6;PALOPO;PRODUKSI TMB;6;PALOPO
180;WIP BUMBU BASAH BUBUR;PALOPO;PRODUKSI TMB;1;PALOPO;PRODUKSI TMB;1;PALOPO;PRODUKSI TMB;1;PALOPO
;;BONE;PRODUKSI TMB;6;PALOPO;PRODUKSI TMB;6;PALOPO;PRODUKSI TMB;6;PALOPO
;;PARE;PRODUKSI TMB;6;PALOPO;PRODUKSI TMB;6;PALOPO;PRODUKSI TMB;6;PALOPO
;;PINRANG;PRODUKSI TMB;6;PALOPO;PRODUKSI TMB;6;PALOPO;PRODUKSI TMB;6;PALOPO
;;MAKASSAR;PRODUKSI TMB;6;PALOPO;PRODUKSI TMB;6;PALOPO;PRODUKSI TMB;6;PALOPO
181;WIP BUMBU KERING IKAN DORI;PALOPO;PRODUKSI TMB;1;PALOPO;PRODUKSI TMB;1;PALOPO;PRODUKSI TMB;1;PALOPO
;;BONE;PRODUKSI TMB;6;PALOPO;PRODUKSI TMB;6;PALOPO;PRODUKSI TMB;6;PALOPO
;;PARE;PRODUKSI TMB;6;PALOPO;PRODUKSI TMB;6;PALOPO;PRODUKSI TMB;6;PALOPO
;;PINRANG;PRODUKSI TMB;6;PALOPO;PRODUKSI TMB;6;PALOPO;PRODUKSI TMB;6;PALOPO
;;MAKASSAR;PRODUKSI TMB;6;PALOPO;PRODUKSI TMB;6;PALOPO;PRODUKSI TMB;6;PALOPO
182;WIP CHILI OIL;PALOPO;PRODUKSI TMB;1;PALOPO;PRODUKSI TMB;1;PALOPO;PRODUKSI TMB;1;PALOPO
;;BONE;PRODUKSI TMB;6;PALOPO;PRODUKSI TMB;6;PALOPO;PRODUKSI TMB;6;PALOPO
;;PARE;PRODUKSI TMB;6;PALOPO;PRODUKSI TMB;6;PALOPO;PRODUKSI TMB;6;PALOPO
;;PINRANG;PRODUKSI TMB;6;PALOPO;PRODUKSI TMB;6;PALOPO;PRODUKSI TMB;6;PALOPO
;;MAKASSAR;PRODUKSI TMB;6;PALOPO;PRODUKSI TMB;6;PALOPO;PRODUKSI TMB;6;PALOPO
183;WIP MARINASI IKAN DORI;PALOPO;PRODUKSI TMB;1;PALOPO;PRODUKSI TMB;1;PALOPO;PRODUKSI TMB;1;PALOPO
;;BONE;PRODUKSI TMB;6;PALOPO;PRODUKSI TMB;6;PALOPO;PRODUKSI TMB;6;PALOPO
;;PARE;PRODUKSI TMB;6;PALOPO;PRODUKSI TMB;6;PALOPO;PRODUKSI TMB;6;PALOPO
;;PINRANG;PRODUKSI TMB;6;PALOPO;PRODUKSI TMB;6;PALOPO;PRODUKSI TMB;6;PALOPO
;;MAKASSAR;PRODUKSI TMB;6;PALOPO;PRODUKSI TMB;6;PALOPO;PRODUKSI TMB;6;PALOPO
184;WIP MINYAK BAWANG;PALOPO;PRODUKSI TMB;1;PALOPO;PRODUKSI TMB;1;PALOPO;PRODUKSI TMB;1;PALOPO
;;BONE;PRODUKSI TMB;6;PALOPO;PRODUKSI TMB;6;PALOPO;PRODUKSI TMB;6;PALOPO
;;PARE;PRODUKSI TMB;6;PALOPO;PRODUKSI TMB;6;PALOPO;PRODUKSI TMB;6;PALOPO
;;PINRANG;PRODUKSI TMB;6;PALOPO;PRODUKSI TMB;6;PALOPO;PRODUKSI TMB;6;PALOPO
;;MAKASSAR;PRODUKSI TMB;6;PALOPO;PRODUKSI TMB;6;PALOPO;PRODUKSI TMB;6;PALOPO
185;XIAOBA PACK;PALOPO;TUUK HOUSE OF MEAT;1;PALOPO;TUUK HOUSE OF MEAT;1;PALOPO;TUUK HOUSE OF MEAT;1;PALOPO
;;BONE;TUUK HOUSE OF MEAT;6;PALOPO;TUUK HOUSE OF MEAT;6;PALOPO;TUUK HOUSE OF MEAT;6;PALOPO
;;PARE;TUUK HOUSE OF MEAT;6;PALOPO;TUUK HOUSE OF MEAT;6;PALOPO;TUUK HOUSE OF MEAT;6;PALOPO
;;PINRANG;TUUK HOUSE OF MEAT;6;PALOPO;TUUK HOUSE OF MEAT;6;PALOPO;TUUK HOUSE OF MEAT;6;PALOPO
;;MAKASSAR;TUUK HOUSE OF MEAT;6;PALOPO;TUUK HOUSE OF MEAT;6;PALOPO;TUUK HOUSE OF MEAT;6;PALOPO
186;ZIPLOCK SAMBEL;PALOPO;ABADI JAYA;1;PALOPO;MAKASSAR PLASTIK;3;MAKASSAR;SUMBER PLASTIK;3;MAKASSAR
;;BONE;Gudang Pack Bone;1;BONE;MAKASSAR PLASTIK;3;MAKASSAR;SUMBER PLASTIK;3;MAKASSAR
;;PARE;SUMBER PLASTIK;3;MAKASSAR;HIBAH PLASTIK;1;PINRANG;SUMBER PLASTIK;3;MAKASSAR
;;PINRANG;SUMBER PLASTIK;3;MAKASSAR;HIBAH PLASTIK;1;PINRANG;SUMBER PLASTIK;3;MAKASSAR
;;MAKASAR;SUMBER PLASTIK;3;MAKASSAR;MAKASSAR PLASTIK;1;MAKASSAR;SUMBER PLASTIK;3;MAKASSAR
187;SAWI;PALOPO;VENDOR SAYUR PALOPO;1;PALOPO;VENDOR SAYUR PALOPO 1;1;PALOPO;VENDOR SAYUR PALOPO 2;1;PALOPO
;;BONE;VENDOR SAYUR BONE;1;BONE;VENDOR SAYUR BONE 1;1;BONE;VENDOR SAYUR BONE 2;1;BONE
;;PARE;VENDOR SAYUR PARE;1;PARE;VENDOR SAYUR PARE 1;1;PARE;VENDOR SAYUR PARE 2;1;PARE
;;PINRANG;VENDOR SAYUR PINRANG;1;PINRANG;VENDOR SAYUR PINRANG 1;1;PINRANG;VENDOR SAYUR PINRANG 2;1;PINRANG
;;MAKASSAR;TOKO AULIA;1;MAKASSAR;TOKO ALIP;1;MAKASSAR;TOKO BERKAH BERSAMA;1;MAKASSAR
188;TAHU PUTIH;PALOPO;VENDOR SAYUR PALOPO;1;PALOPO;VENDOR SAYUR PALOPO 1;1;PALOPO;VENDOR SAYUR PALOPO 2;1;PALOPO
;;BONE;VENDOR SAYUR BONE;1;BONE;VENDOR SAYUR BONE 1;1;BONE;VENDOR SAYUR BONE 2;1;BONE
;;PARE;VENDOR SAYUR PARE;1;PARE;VENDOR SAYUR PARE 1;1;PARE;VENDOR SAYUR PARE 2;1;PARE
;;PINRANG;VENDOR SAYUR PINRANG;1;PINRANG;VENDOR SAYUR PINRANG 1;1;PINRANG;VENDOR SAYUR PINRANG 2;1;PINRANG
;;MAKASSAR;TOKO AULIA;1;MAKASSAR;TOKO ALIP;1;MAKASSAR;TOKO BERKAH BERSAMA;1;MAKASSAR
189;KAYU BAKAR APEL;PALOPO;BEST CHARCOALS;7;JAKARTA;;;;;;
;;BONE;BEST CHARCOALS;7;JAKARTA;;;;;;
;;PARE;BEST CHARCOALS;7;JAKARTA;;;;;;
;;PINRANG;BEST CHARCOALS;7;JAKARTA;;;;;;
;;MAKASSAR;BEST CHARCOALS;7;JAKARTA;;;;;;
190;KECAP PALA;PALOPO;PT SINAR EKA PUTRA;3;PALOPO;;;;;;
;;BONE;PT SINAR EKA PUTRA;3;MAKASSAR;SWALAYAN ORIENTAL;1;BONE;;;
;;PARE;PT SINAR EKA PUTRA;3;PARE;;;;;;
;;PINRANG;PT SINAR EKA PUTRA;3;PINRANG;TOKO AKBAR;1;PINRANG;;;
;;MAKASSAR;PT SINAR EKA PUTRA;3;MAKASSAR;TOKO BAYAM 23;1;MAKASSAR;TOKO BERKAH BERSAMA;1;MAKASSAR
191;PALA BUBUK;PALOPO;DAPUR MARKET;1;PALOPO;DP INDO;1;PALOPO;SATU SAMA;3;MAKASSAR
;;BONE;SWAYALAN ORIENTAL;1;BONE;SATU SAMA;3;MAKASSAR;BENTENG MART;3;MAKASSAR
;;PARE;TOKO MANIS PARE;1;PARE;ABLAM JAYA;1;PARE;BENTENG MART;3;MAKASSAR
;;PINRANG;TOKO HJ SAMSI;1;PINRANG;TOKO MANIS PARE;1;PARE;BENTENG MART;3;MAKASSAR
;;MAKASSAR;SATU SAMA;1;MAKASSAR;BENTENG MART;1;MAKASSAR;TOKO CAHAYA BARU;1;MAKASSAR
192;LADA;PALOPO;DAPUR MARKET;1;PALOPO;DP INDO;1;PALOPO;SATU SAMA;3;MAKASSAR
;;BONE;SWAYALAN ORIENTAL;1;BONE;SATU SAMA;3;MAKASSAR;BENTENG MART;3;MAKASSAR
;;PARE;TOKO MANIS PARE;1;PARE;ABLAM JAYA;1;PARE;BENTENG MART;3;MAKASSAR
;;PINRANG;TOKO HJ SAMSI;1;PINRANG;TOKO MANIS PARE;1;PARE;BENTENG MART;3;MAKASSAR
;;MAKASSAR;SATU SAMA;1;MAKASSAR;BENTENG MART;1;MAKASSAR;TOKO CAHAYA BARU;1;MAKASSAR
193;TULANG SUMUM;PALOPO;;;;;;;;;
;;BONE;;;;;;;;;
;;PARE;Vendor Daging Pare;1;PARE;Meat n Fresh;1;PARE;Vendor Daging Pare 2;1;PARE
;;PINRANG;;;;;;;;;
;;MAKASSAR;;;;;;;;;
194;JERUK NIPIS;PALOPO;VENDOR SAYUR MA KEMBAR;1;PALOPO;VENDOR CABE PALOPO;1;PALOPO;VENDOR SAYUR 1 PALOPO;1;PALOPO
;;BONE;VENDOR SAYUR;1;BONE;TOKO 89 ;1;BONE;VENDOR SAYUR 1 BONE;1;BONE
;;PARE;TOKO SAYUR Hj. IDA;1;PARE;VENDOR SAYUR 1 PARE;1;PARE;VENDOR SAYUR 2 PARE;1;PARE
;;PINRANG;LAMBADA PINRANG;1;PINRANG;VENDOR SAYUR 1 PINRANG;1;PINRANG;VENDOR SAYUR 2 PINRANG;1;PINRANG
;;MAKASSAR;TOKO AULIA;1;MAKASSAR;TOKO ALIP;1;MAKASSAR;TOKO BERKAH BERSAMA;1;MAKASSAR
;;;;;;;;;;;
195;GARAM KASAR;PALOPO;VENDOR SAYUR MA KEMBAR;1;PALOPO;VENDOR CABE PALOPO;1;PALOPO;VENDOR SAYUR 1 PALOPO;1;PALOPO
;;BONE;VENDOR SAYUR;1;BONE;TOKO 89 ;1;BONE;VENDOR SAYUR 1 BONE;1;BONE
;;PARE;TOKO SAYUR Hj. IDA;1;PARE;VENDOR SAYUR 1 PARE;1;PARE;VENDOR SAYUR 2 PARE;1;PARE
;;PINRANG;LAMBADA PINRANG;1;PINRANG;VENDOR SAYUR 1 PINRANG;1;PINRANG;VENDOR SAYUR 2 PINRANG;1;PINRANG
;;MAKASSAR;TOKO AULIA;1;MAKASSAR;TOKO ALIP;1;MAKASSAR;TOKO BERKAH BERSAMA;1;MAKASSAR
;;;;;;;;;;;
196;AJINOMOTO;PALOPO;AJINOMOTO;1;PALOPO;VENDOR SAYUR MA KEMBAR;1;PALOPO;VENDOR CABE PALOPO;1;
;;BONE;AJINOMOTO;1;BONE;VENDOR SAYUR;1;BONE;TOKO 89 ;1;
;;PARE;AJINOMOTO;1;PARE;TOKO SAYUR Hj. IDA;1;PARE;VENDOR SAYUR 1 PARE;1;
;;PINRANG;AJINOMOTO;1;PINRANG;LAMBADA PINRANG;1;PINRANG;VENDOR SAYUR 1 PINRANG;1;
;;MAKASSAR;AJINOMOTO;1;MAKASSAR;TOKO AULIA;1;MAKASSAR;TOKO ALIP;1;
;;;;;;;;;;;
197;BIHUN;PALOPO;VENDOR SAYUR MA KEMBAR;1;PALOPO;VENDOR CABE PALOPO;1;PALOPO;VENDOR SAYUR 1 PALOPO;1;PALOPO
;;BONE;VENDOR SAYUR;1;BONE;TOKO 89 ;1;BONE;VENDOR SAYUR 1 BONE;1;BONE
;;PARE;TOKO SAYUR Hj. IDA;1;PARE;VENDOR SAYUR 1 PARE;1;PARE;VENDOR SAYUR 2 PARE;1;PARE
;;PINRANG;LAMBADA PINRANG;1;PINRANG;VENDOR SAYUR 1 PINRANG;1;PINRANG;VENDOR SAYUR 2 PINRANG;1;PINRANG
;;MAKASSAR;TOKO AULIA;1;MAKASSAR;TOKO ALIP;1;MAKASSAR;TOKO BERKAH BERSAMA;1;MAKASSAR
;;;;;;;;;;;
198;BAWANG PUTIH GORENG;PALOPO;VENDOR BAGOR;3;BONE;;;;;;
;;BONE;VENDOR BAGOR;1;BONE;;;;;;
;;PARE;VENDOR BAGOR;3;BONE;;;;;;
;;PINRANG;VENDOR BAGOR;3;BONE;;;;;;
;;MAKASSAR;VENDOR BAGOR;1;MAKASSAR;;;;;;
;;;;;;;;;;;
199;CREAM CHESE ANCHOR;PALOPO;DAPUR MARKET;1;PALOPO;DP INDO;1;PALOPO;;;
;;BONE;;;;;;;;;
;;PARE;TOKO MANIS;;;;;;;;
;;PINRANG;;;;;;;;;
;;MAKASSAR;WJM;1;MAKASSAR;TOKO MAY;1;MAKASSAR;KUZUKA MART;1;MAKASSAR
;;;;;;;;;;;
200;SAUS SAMBAL ABC;PALOPO;PRODUKSI TMB;1;PALOPO;;;;;;
;;BONE;PRODUKSI TMB;6;PALOPO;;;;;;
;;PARE;PRODUKSI TMB;6;PALOPO;;;;;;
;;PINRANG;PRODUKSI TMB;6;PALOPO;;;;;;
;;MAKASSAR;PRODUKSI TMB;6;PALOPO;;;;;;
;;;;;;;;;;;
201;SAUS TOMAT ABC;PALOPO;PRODUKSI TMB;1;PALOPO;;;;;;
;;BONE;PRODUKSI TMB;6;PALOPO;;;;;;
;;PARE;PRODUKSI TMB;6;PALOPO;;;;;;
;;PINRANG;PRODUKSI TMB;6;PALOPO;;;;;;
;;MAKASSAR;PRODUKSI TMB;6;PALOPO;;;;;;
;;;;;;;;;;;
202;DAUN SELEDRI;PALOPO;VENDOR SAYUR MA KEMBAR;1;PALOPO;VENDOR CABE PALOPO;1;PALOPO;VENDOR SAYUR 1 PALOPO;1;PALOPO
;;BONE;VENDOR SAYUR;1;BONE;TOKO 89 ;1;BONE;VENDOR SAYUR 1 BONE;1;BONE
;;PARE;TOKO SAYUR Hj. IDA;1;PARE;VENDOR SAYUR 1 PARE;1;PARE;VENDOR SAYUR 2 PARE;1;PARE
;;PINRANG;LAMBADA PINRANG;1;PINRANG;VENDOR SAYUR 1 PINRANG;1;PINRANG;VENDOR SAYUR 2 PINRANG;1;PINRANG
;;MAKASSAR;TOKO AULIA;1;MAKASSAR;TOKO ALIP;1;MAKASSAR;TOKO BERKAH BERSAMA;1;MAKASSAR
;;;;;;;;;;;
203;ARANG KAYU;PALOPO;TOKO ARANG MKS;3;MAKASSAR;;;;;;
;;BONE;TOKO ARANG MKS;3;MAKASSAR;;;;;;
;;PARE;TOKO ARANG MKS;3;MAKASSAR;;;;;;
;;PINRANG;TOKO ARANG MKS;3;MAKASSAR;;;;;;
;;MAKASSAR;TOKO ARANG MKS;3;MAKASSAR;;;;;;
;;;;;;;;;;;
204;MIE KERITING;PALOPO;TUUK FLOUR MILLS;1;PALOPO;;;;;;
;;BONE;TUUK FLOUR MILLS;6;PALOPO;;;;;;
;;PARE;TUUK FLOUR MILLS;6;PALOPO;;;;;;
;;PINRANG;TUUK FLOUR MILLS;6;PALOPO;;;;;;
;;MAKASSAR;TUUK FLOUR MILLS;6;PALOPO;;;;;;
;;;;;;;;;;;
205;DAUN SALAM;PALOPO;VENDOR SAYUR MA KEMBAR;1;PALOPO;VENDOR CABE PALOPO;1;PALOPO;VENDOR SAYUR 1 PALOPO;1;PALOPO
;;BONE;VENDOR SAYUR;1;BONE;TOKO 89 ;1;BONE;VENDOR SAYUR 1 BONE;1;BONE
;;PARE;TOKO SAYUR Hj. IDA;1;PARE;VENDOR SAYUR 1 PARE;1;PARE;VENDOR SAYUR 2 PARE;1;PARE
;;PINRANG;LAMBADA PINRANG;1;PINRANG;VENDOR SAYUR 1 PINRANG;1;PINRANG;VENDOR SAYUR 2 PINRANG;1;PINRANG
;;MAKASSAR;TOKO AULIA;1;MAKASSAR;TOKO ALIP;1;MAKASSAR;TOKO BERKAH BERSAMA;1;MAKASSAR
;;;;;;;;;;;
206;LENGKUAS;PALOPO;VENDOR SAYUR MA KEMBAR;1;PALOPO;VENDOR CABE PALOPO;1;PALOPO;VENDOR SAYUR 1 PALOPO;1;PALOPO
;;BONE;VENDOR SAYUR;1;BONE;TOKO 89 ;1;BONE;VENDOR SAYUR 1 BONE;1;BONE
;;PARE;TOKO SAYUR Hj. IDA;1;PARE;VENDOR SAYUR 1 PARE;1;PARE;VENDOR SAYUR 2 PARE;1;PARE
;;PINRANG;LAMBADA PINRANG;1;PINRANG;VENDOR SAYUR 1 PINRANG;1;PINRANG;VENDOR SAYUR 2 PINRANG;1;PINRANG
;;MAKASSAR;TOKO AULIA;1;MAKASSAR;TOKO ALIP;1;MAKASSAR;TOKO BERKAH BERSAMA;1;MAKASSAR
;;;;;;;;;;;
207;STTP (PENGEYAL);PALOPO;TUUK FLOUR MILLS;1;PALOPO;;;;;;
;;BONE;TUUK FLOUR MILLS;6;PALOPO;;;;;;
;;PARE;TUUK FLOUR MILLS;6;PALOPO;;;;;;
;;PINRANG;TUUK FLOUR MILLS;6;PALOPO;;;;;;
;;MAKASSAR;TUUK FLOUR MILLS;6;PALOPO;;;;;;
;;;;;;;;;;;
208;ROYCO SAPI;PALOPO;PRODUKSI TMB;1;PALOPO;;;;;;
;;BONE;PRODUKSI TMB;6;PALOPO;;;;;;
;;PARE;PRODUKSI TMB;6;PALOPO;;;;;;
;;PINRANG;PRODUKSI TMB;6;PALOPO;;;;;;
;;MAKASSAR;PRODUKSI TMB;6;PALOPO;;;;;;
;;;;;;;;;;;
209;TEPUNG KANJI;PALOPO;PRODUKSI TMB;1;PALOPO;;;;;;
;;BONE;PRODUKSI TMB;6;PALOPO;;;;;;
;;PARE;PRODUKSI TMB;6;PALOPO;;;;;;
;;PINRANG;PRODUKSI TMB;6;PALOPO;;;;;;
;;MAKASSAR;PRODUKSI TMB;6;PALOPO;;;;;;
